record;classification;subClassification;length;width;thickness;diameter;weight;quantity;broadperiod;fromdate;todate;location;date;weather
842960;Leaf-shaped arrowhead;;33;19;4;;5.66;1;NEOLITHIC;-4000;-2350;Purbeck,Dorset;12510;77
842142;;;-29.5;15.2;3.4;;1.46;1;NEOLITHIC;-2700;-2350;West Lindsey,Lincolnshire;11059;46.4
838739;;;69.1;14.43;8.89;;11.44;1;MEDIEVAL;1250;1500;Braintree,Essex;5759;59
838091;Leaf shaped;;24;16;2.5;;1.16;1;NEOLITHIC;-4000;-2200;Forest of Dean,Gloucestershire;14277;46.4
837251;;;19.25;17.85;3.61;;0.83;1;BRONZE AGE;-2500;-1500;Mole Valley,Surrey;5603;66.2
837250;;;21.95;18.62;3.57;;1.27;1;BRONZE AGE;-2500;-1500;Mole Valley,Surrey;5603;66.2
837248;;;-29.03;22.48;;;2.85;1;NEOLITHIC;-4500;-1500;Mole Valley,Surrey;5603;66.2
833451;;;22;20;3;;;1;NEOLITHIC;-4000;-3001;Breckland,Norfolk;12395;75.2
832934;Oblique;;40.5;25.2;7.3;;;1;NEOLITHIC;-2700;-2200;East Riding of Yorkshire,East Riding of Yorkshire;13250;73.4
827342;;;40;19;3;;2.69;1;NEOLITHIC;-4000;-3500;Rutland,Rutland;14011;69.8
825155;;;30;21;-4;;3.23;1;NEOLITHIC;;;Melton,Leicestershire;14135;51.8
824106;;;26.11;21.59;2.96;;1.82;1;NEOLITHIC;-4000;-3000;Waveney,Suffolk;12451;59
822945;;;42.01;24.14;4.32;;5.97;1;NEOLITHIC;-4000;-3000;Babergh,Suffolk;7185;68
822101;;;39.17;18.-87;4.43;;3.41;1;NEOLITHIC;-4000;-2000;Waverley,Surrey;11996;46.4
818514;;;64.1;29.6;7.5;;11.7;1;MEDIEVAL;1200;1400;East Riding of Yorkshire,East Riding of Yorkshire;13250;73.4
818024;;;26.2;17.7;4;;1.68;1;NEOLITHIC;-2700;-1600;Cherwell,Oxfordshire;7854;53.6
816793;;;46.19;;;;;1;MEDIEVAL;1241;1263;City and County of the City of London,London;10081;64.4
813238;;;32;38;8;;8.53;1;NEOLITHIC;-3000;-2200;Cornwall,Cornwall;5886;50
813237;;;14.5;15;3.5;;0.84;1;NEOLITHIC;-2800;-1600;Cornwall,Cornwall;5886;50
812575;barbed and tanged;;24;20;4;;1.53;1;BRONZE AGE;-2350;-1500;Charnwood,Leicestershire;7307;64.4
811120;;;25.3;20;4.4;;1.7;1;BRONZE AGE;-2150;-1600;Cherwell,Oxfordshire;7854;53.6
807463;;;19.77;17.51;2.88;;0.86;1;NEOLITHIC;-3500;-1500;Malvern Hills,Worcestershire;6515;59
807122;;;24.9;17.3;3;;1.45;1;NEOLITHIC;-2700;-2350;West Lindsey,Lincolnshire;11059;46.4
805249;;;29.2;20.05;3.97;;1.8;1;BRONZE AGE;-2350;-1600;Northampton,Northamptonshire;13951;60.8
805222;oblique;;49;26;7;;69.400;1;NEOLITHIC;-2700;-2350;Rutland,Rutland;14011;69.8
803380;Barbed and tanged or reworked leaf shaped;;31.4;19.7;3.6;;1.7;1;NEOLITHIC;-4000;-1601;Huntingdonshire,Cambridgeshire;13549;53.6
800834;;;31.35;17.44;3.99;;1.6;1;BRONZE AGE;-2500;-1500;Bromley,London;9287;71.6
799724;Leaf-shaped;;51.66;38.15;6.67;;14.91;1;NEOLITHIC;-4000;-3300;Suffolk Coastal,Suffolk;5788;77
799188;;;34;16.8;4.7;;2.36;1;BRONZE AGE;-2350;-1600;North Lincolnshire,Lincolnshire;10663;77
795890;;;23.1;20.8;3.5;;1.93;1;BRONZE AGE;-25000;-15000;Tonbridge and Malling,Kent;11692;48.2
795652;;;37.37;18.27;4.46;;5.86;1;MEDIEVAL;1200;1500;Braintree,Essex;5759;59
794896;;;30.53;16.54;3.24;;1.55;1;NEOLITHIC;-4000;-2300;South Hams,Devon;14067;73.4
794190;;;21.5;10.42;2.93;;0.5;1;BRONZE AGE;-2350;-800;Richmondshire,Yorkshire del Norte;12059;73.4
793837;;;53;25;5.5;;5.4;1;BRONZE AGE;;;Bournemouth,Dorset;10145;62.6
791394;;;30.72;22.12;8.3;;1.55;1;NEOLITHIC;-3000;-2000;Mole Valley,Surrey;5603;66.2
791390;;;36.08;22.27;9.85;;3.45;1;NEOLITHIC;-2500;-2000;Mole Valley,Surrey;5603;66.2
791389;;;24.89;18.05;4.25;;1.48;1;BRONZE AGE;-2500;-1500;Mole Valley,Surrey;5603;66.2
790094;Triangular;;24;20;5.7;;2.11;1;BRONZE AGE;-2350;-1600;East Riding of Yorkshire,East Riding of Yorkshire;13250;73.4
788447;;;29;17;4;;1.57;1;NEOLITHIC;-4000;-23351;Charnwood,Leicestershire;7307;64.4
787998;;;21.3;17.41;3.62;;1.55;1;NEOLITHIC;-4500;-1500;Woking,Surrey;13857;59
787673;;;49.8;13;;9;8.1;1;MEDIEVAL;1200;1270;West Oxfordshire,Oxfordshire;5884;73.4
787044;;;20;16;1.2;;1.79;1;BRONZE AGE;-1275;-1140;Newark and Sherwood,Nottinghamshire;8646;69.8
786072;;;18.39;11.1;2.58;;0.4;1;BRONZE AGE;-2350;-800;Northumberland,Northumberland;12396;50
786069;;;15.05;14.28;3.19;;0.6;1;BRONZE AGE;-2350;-800;Northumberland,Northumberland;12396;50
785014;;;22.36;23.69;6.16;;1.93;1;BRONZE AGE;-2500;-1500;Wiltshire,Wiltshire;7406;46.4
784817;;;23.4;19.3;4.8;;2.05;1;NEOLITHIC;;;Tonbridge and Malling,Kent;11692;48.2
783119;;;26;18;3;;;1;NEOLITHIC;-4000;-2351;South Norfolk,Norfolk;13210;53.6
782690;;;37;27.4;9.3;;10.02;1;NEOLITHIC;-4000;-2351;Isle of Wight,Isle of Wight;7100;57.2
781438;;;30.7;17;3.8;;2.1;1;NEOLITHIC;-4000;-2900;West Oxfordshire,Oxfordshire;5884;73.4
781430;;;20.1;14.8;5;;1.2;1;BRONZE AGE;-2150;-1500;West Oxfordshire,Oxfordshire;5884;73.4
780647;Triangular;;43.4;34;6.4;;8;1;NEOLITHIC;-3300;-1000;East Riding of Yorkshire,East Riding of Yorkshire;13250;73.4
777724;Tanged;;30;;15;;;1;NEOLITHIC;-2000;-1500;North Kesteven,Lincolnshire;10147;69.8
777716;;;107;;;;;1;UNKNOWN;;;South Kesteven,Lincolnshire;13611;55.4
777238;;;43.3;27.6;9.1;;6.8;1;NEOLITHIC;-2700;-2350;West Oxfordshire,Oxfordshire;5884;73.4
773841;;;22.7;16.5;3.9;;0.9;1;BRONZE AGE;-2000;-1500;Ryedale,Yorkshire del Norte;7953;71.6
773686;;;26.84;19.12;2;;2.54;1;BRONZE AGE;-1275;-1140;West Dorset,Dorset;11111;46.4
771478;;;56.3;36.8;8.1;;17.39;1;NEOLITHIC;-4000;-1600;St. Albans,Hertfordshire;10745;75.2
769367;;;18;17;3;;0.94;1;BRONZE AGE;-2500;-800;Charnwood,Leicestershire;7307;64.4
767895;;;33.62;15.27;6.02;;2.99;1;NEOLITHIC;-4000;-2000;Reigate and Banstead,Surrey;14590;69.8
765947;;;47.95;23.77;5.86;;7.19;1;NEOLITHIC;-3000;-2200;Arun,Sussex Occidental;10288;55.4
762635;;;47.91;12.52;7.81;11.54;6.11;1;MEDIEVAL;;;City and County of the City of London,London;10081;64.4
761121;;;69.8;48.3;4.1;12.1;17.3;1;MEDIEVAL;1100;1500;Winchester,Hampshire;10715;62.6
757757;;;35.6;36.8;3.6;;4.5;1;NEOLITHIC;-3300;-1000;West Lindsey,Lincolnshire;11059;46.4
757498;Oblique;;40;38;7;;6.58;1;NEOLITHIC;-3000;-2200;North Somerset,Somerset;12452;75.2
757142;;;60.3;31.5;11.2;;19.64;1;BRONZE AGE;-2350;-801;Isle of Wight,Isle of Wight;7100;57.2
754308;;;30.2;17.5;3.5;;2.38;1;NEOLITHIC;-2500;-1500;South Lakeland,Cumbria;7070;62.6
753613;;;;;;;;1;NEOLITHIC;;;Conwy,Gales;9922;53.6
752762;;;124.24;18.06;5.4;;19.88;1;EARLY MEDIEVAL;;;City of Westminster,London;11049;59
752526;;;48.09;19.51;4.16;;6.44;1;BRONZE AGE;-2150;-1500;Mid Suffolk,Suffolk;13435;62.6
751865;;;43.45;15.66;;;7.58;1;MEDIEVAL;1200;1500;East Hertfordshire,Hertfordshire;12511;69.8
750137;;;24.1;21.6;4.9;;1.9;1;BRONZE AGE;-2300;-1600;East Riding of Yorkshire,East Riding of Yorkshire;13250;73.4
747392;;;29.28;24.21;2.96;;2.96;1;NEOLITHIC;-4000;-2000;South Oxfordshire,Oxfordshire;7733;50
746953;Trangular;;29.6;18.6;3.4;;1.8;1;NEOLITHIC;-2700;-1600;Hambleton,Yorkshire del Norte;10174;50
746448;Oblique;;38.57;26.18;3.75;;3.19;1;NEOLITHIC;-2700;-2551;Babergh,Suffolk;7185;68
744947;;;25;12;3;;1.01;1;NEOLITHIC;-3500;-2500;Melton,Leicestershire;14135;51.8
744411;;;29;16.7;3.6;;1.39;1;NEOLITHIC;-2500;-1500;Wiltshire,Wiltshire;7406;46.4
744225;;;21;17.8;4.4;;1.53;1;NEOLITHIC;-2500;-1500;East Devon,Devon;8281;64.4
743876;;;24.22;18.36;4.45;;1.71;1;NEOLITHIC;-2700;-2551;Babergh,Suffolk;7185;68
742218;;;;;;;;3;MEDIEVAL;1200;1450;West Berkshire,Berkshire;5205;77
740095;;;38;15;10;;6.57;1;MEDIEVAL;1300;1500;Cotswold,Gloucestershire;9557;68
740095;;;38;15;10;;6.57;1;MEDIEVAL;1300;1500;Cotswold,Gloucestershire;9557;62.6
738624;;;31.5;15;4.5;;;1;NEOLITHIC;-3000;-2351;North Norfolk,Norfolk;9742;68
738332;;;60;13;9;;9.13;1;MEDIEVAL;1200;1500;Cotswold,Gloucestershire;9557;51.8
738218;;;23.3;14.9;4.1;;2.4;1;UNKNOWN;43;1650;Stafford,Staffordshire;12032;64.4
737754;;;53.17;14.17;11.41;;13.58;1;MEDIEVAL;1241;1263;Southwark,Southwark;7031;73.4
736608;Barb and tanged arrowhead;;19.39;18.37;5.43;;1.26;1;BRONZE AGE;-2350;-801;East Riding of Yorkshire,East Riding of Yorkshire;13250;73.4
736602;Barb and tanged arrowhead;;25.83;21.24;5.14;;1.67;1;BRONZE AGE;-2350;-801;East Riding of Yorkshire,East Riding of Yorkshire;13250;73.4
736597;Barb and tanged arrowhead;;18.53;16.22;3.45;;0.8;1;BRONZE AGE;-2350;-801;East Riding of Yorkshire,East Riding of Yorkshire;13250;69.8
735686;;;27.45;18.8;5.17;;2.15;1;BRONZE AGE;-2500;-1500;Reigate and Banstead,Surrey;14590;46.4
735504;;;56.82;23.73;3.3;;3.23;1;NEOLITHIC;-3000;-2000;Waverley,Surrey;11996;55.4
732290;;;46;11;8;;5.18;1;MEDIEVAL;1200;1500;South Kesteven,Lincolnshire;13611;62.6
730756;;;60;20;8.5;;;1;MEDIEVAL;1200;1300;North Norfolk,Norfolk;9742;69.8
730732;Oblique;;43;35;4.5;;8.9;1;NEOLITHIC;-3300;-2200;Lewes,Sussex Oriental;7375;66.2
728153;;;33.07;22.01;5.58;;3.35;1;BRONZE AGE;-2500;-1500;Mole Valley,Surrey;5603;73.4
725648;;;26.8;18.2;2.8;;1.73;1;NEOLITHIC;-4000;-1000;West Oxfordshire,Oxfordshire;5884;73.4
725185;;;23.4;;;10;2.5;1;MEDIEVAL;1100;1450;West Oxfordshire,Oxfordshire;5884;73.4
724992;;;19.3;16;3.5;;0.91;1;NEOLITHIC;-2500;-2350;East Lindsey,Lincolnshire;14463;77
723794;;;26;10;7;;4.4;1;IRON AGE;-800;1000;Barrow-in-Furness,Cumbria;13400;46.4
722745;;;47.4;13;2.5;;1.85;1;MEDIEVAL;1100;1400;Wiltshire,Wiltshire;7406;69.8
720799;;;29;16;1.5;;2.9;1;MEDIEVAL;-1600;1500;South Northamptonshire,Northamptonshire;6553;75.2
719388;;;24.7;11.3;5.9;;3.91;1;BRONZE AGE;-1300;-800;Breckland,Norfolk;12395;62.6
717965;;;60.2;28.2;;11.6;12.76;1;MEDIEVAL;1200;1400;Winchester,Hampshire;10715;77
717536;Leaf-shaped;;33.86;16.86;4.15;;2.77;1;NEOLITHIC;-4000;-3501;Suffolk Coastal,Suffolk;5788;46.4
716952;Leaf-shaped;;26;22;3;;1.74;1;NEOLITHIC;-2500;-1500;West Lindsey,Lincolnshire;11059;46.4
716951;Leaf;;33;18;6;;4.04;1;NEOLITHIC;-2500;-1500;West Lindsey,Lincolnshire;11059;73.4
716435;;;25.88;16.73;4.45;;1.46;1;BRONZE AGE;-2400;-1600;East Riding of Yorkshire,East Riding of Yorkshire;13250;68
713169;;;47.32;19.15;6.35;;5.26;1;NEOLITHIC;-4000;-800;Babergh,Suffolk;7185;59
711874;Oblique;;24.47;25.43;5.53;;3.9;1;NEOLITHIC;-3300;-2200;Malvern Hills,Worcestershire;6515;55.4
710134;Green's Sutton A;;27;;;;;1;NEOLITHIC;-2500;-1500;South Kesteven,Lincolnshire;13611;51.8
709594;;;14.2;18.3;2.3;;0.32;1;UNKNOWN;-4000;-1000;Calderdale,Yorkshire del Oeste;14704;77
709173;;;23.1;21;3.3;;1.4;1;NEOLITHIC;-2700;-2300;Scarborough,Yorkshire del Norte;8373;51.8
708356;;;68.86;16.47;9.58;;10.62;1;MEDIEVAL;1200;1400;Forest Heath,Suffolk;7376;71.6
706582;;;55.87;17.72;;;10.75;1;MEDIEVAL;1066;1400;Hart,Hampshire;12851;50
702674;;;28.6;17.3;4;;1.7;1;NEOLITHIC;-2400;-1500;Cornwall,Cornwall;5886;64.4
702086;;;59.9;14.75;4.18;8.36;7.99;1;MEDIEVAL;1200;1400;City and County of the City of London,London;10081;75.2
660136;;;41;22;4;;;1;NEOLITHIC;-3000;-2351;Broadland,Norfolk;14063;62.6
656209;;;49;25;8.5;;;1;NEOLITHIC;-12000;-2351;North Norfolk,Norfolk;9742;64.4
656168;;;55.31;15.42;7.45;;8.75;1;MEDIEVAL;1200;1400;City and County of the City of London,London;10081;46.4
654801;Oblique;;24.4;15.8;3.9;;1.51;1;BRONZE AGE;-2700;-1600;West Lindsey,Lincolnshire;11059;68
654374;;;26;18;4;;1.25;1;BRONZE AGE;-2700;-1600;Rushcliffe,Nottinghamshire;10444;53.6
650662;;;29;23;4.5;;1.8;1;NEOLITHIC;;;Powys,Gales;13093;68
650662;;;29;23;4.5;;1.8;1;NEOLITHIC;;;Powys,Gales;13093;68
649216;Oblique;;39.72;19.91;4.76;;2.37;1;NEOLITHIC;-2700;-2551;Babergh,Suffolk;7185;75.2
648391;;;24.47;21.98;6.08;;2.91;1;NEOLITHIC;-4000;-801;Babergh,Suffolk;7185;62.6
647416;;;17.7;15.8;5.7;;;1;NEOLITHIC;-3500;-1150;North Somerset,Somerset;12452;59
646649;;;49;19;6.5;7.5;9.81;1;MEDIEVAL;1200;1300;South Lakeland,Cumbria;7070;75.2
644504;;;23.14;13.91;3.23;;1.23;1;BRONZE AGE;-4000;-801;Waveney,Suffolk;12451;62.6
643368;;;15.6;18;3.7;;;1;NEOLITHIC;-3500;-1150;North Somerset,Somerset;12452;73.4
640329;;;50.04;21.57;5.24;;5.92;1;NEOLITHIC;-4000;42;St. Edmundsbury,Suffolk;11781;69.8
635883;;;34.1;31.54;5.05;;5.42;1;NEOLITHIC;-2000;-1600;Aylesbury Vale,Buckinghamshire;13823;51.8
634222;Oblique;;30.94;34.09;6.61;;6.4;1;NEOLITHIC;-2700;-2351;North Kesteven,Lincolnshire;10147;46.4
634172;;;13.5;14.7;2.2;;0.33;1;UNKNOWN;-4000;-1000;Calderdale,Yorkshire del Oeste;14704;46.4
632159;Hunting;;41.6;24.9;3.7;;5.52;1;MEDIEVAL;1350;1500;West Lindsey,Lincolnshire;11059;46.4
631890;Bodkin;;67;7.2;5.5;;6.82;1;MEDIEVAL;1200;1350;West Lindsey,Lincolnshire;11059;50
631885;Bodkin;;57;;7.5;10.8;9.29;1;MEDIEVAL;1200;1350;West Lindsey,Lincolnshire;11059;50
630110;;;96000.38;19.31;11.98;;12.9;1;POST MEDIEVAL;;;Isle of Anglesey,Isle of Anglesey;10269;66.2
630059;;;78.27;14.61;4.7;;9;1;MEDIEVAL;;;Isle of Anglesey,Isle of Anglesey;10269;68
626893;Oblique;;23.1;17.3;2.7;;1.13;1;NEOLITHIC;-3300;-2200;Selby,Yorkshire del Norte;13941;71.6
619953;Transverse;;33.82;31.35;5.75;;5.63;1;NEOLITHIC;-4000;-800;Babergh,Suffolk;7185;68
616819;;;53.85;12.71;7.57;;6.44;1;IRON AGE;-800;100;Hart,Hampshire;12851;48.2
615073;Oblique;;40;21.4;3.3;;2.6;1;NEOLITHIC;-3300;-2200;Kirklees,Yorkshire del Oeste;7768;50
613879;;;61;;;;;1;MEDIEVAL;1300;1500;Uttlesford,Essex;9653;73.4
613744;Oblique;;27;17.7;4.6;;2.32;1;NEOLITHIC;-2700;-2350;Cornwall,Cornwall;5886;68
609744;;;38.29;10.11;7.1;;4.7;1;MEDIEVAL;1200;1350;East Riding of Yorkshire,East Riding of Yorkshire;13250;55.4
609505;;;48000;14;8;;7.15;1;MEDIEVAL;1000;1400;Cotswold,Gloucestershire;9557;62.6
605978;;;21.2;10.9;6.2;;4.02;1;BRONZE AGE;-1300;-800;South Kesteven,Lincolnshire;13611;69.8
605727;Oblique;;38.82;20.04;4.47;;3.91;1;NEOLITHIC;-2700;-1601;St. Edmundsbury,Suffolk;11781;69.8
605628;Oblique;;33;16;6;;2.19;1;NEOLITHIC;-2500;-2100;Newark and Sherwood,Nottinghamshire;8646;46.4
605072;Oblique;;41.29;26.15;3.86;;2.4;1;NEOLITHIC;-2500;-2100;Cheshire West and Chester,Cheshire;12123;46.4
595655;;;41.85;20.45;2.3;;5.03;1;BRONZE AGE;-1275;-1140;Wiltshire,Wiltshire;7406;77
595407;Barbed and tanged;;41.5;17.45;3.2;;5.46;1;BRONZE AGE;-1275;-1140;Wiltshire,Wiltshire;7406;48.2
592725;;;32.74;20.38;6.21;;3.49;1;NEOLITHIC;-2700;-1600;Suffolk Coastal,Suffolk;5788;55.4
592725;;;32.74;20.38;6.21;;3.49;1;NEOLITHIC;-2700;-1600;Suffolk Coastal,Suffolk;5788;75.2
591618;;;31.96;16.63;3.69;;4.14;1;NEOLITHIC;-2500;-2000;Milton Keynes,Buckinghamshire;10571;50
589975;Jessop Type M1;;47.5;16.9;11.5;;11.3;1;MEDIEVAL;1350;1499;Arun,Sussex Occidental;10288;57.2
587256;;;35;38;5.5;;;1;NEOLITHIC;-4000;-3001;Breckland,Norfolk;12395;77
586723;;;10.7;9.6;2.2;;0.4;1;NEOLITHIC;-4500;-1500;Cornwall,Cornwall;5886;50
582668;Leaf/kite;;58.88;19.03;6.11;;6.54;1;NEOLITHIC;-4200;-2900;Isle of Wight,Isle of Wight;7100;50
580060;;;20.46;16.09;4.37;;1.5;1;NEOLITHIC;-2500;-1500;West Berkshire,Berkshire;5205;62.6
578921;;;32;22;3;;;1;NEOLITHIC;;;Mid Devon,Devon;14034;69.8
578905;;;31;16;;;;1;NEOLITHIC;;;Mid Devon,Devon;14034;57.2
577868;;;49.63;18.09;11.05;9.96;14.39;1;BRONZE AGE;-1600;-801;St. Edmundsbury,Suffolk;11781;75.2
577796;Flint;;37;22.2;5.5;;5;1;NEOLITHIC;-2700;-1601;Bedford,Bedfordshire;12391;46.4
574628;Tanged;;;18.58;6.62;;2.72;1;BRONZE AGE;-2700;-1601;Isle of Wight,Isle of Wight;7100;51.8
573442;;;;;;;;1;NEOLITHIC;;;Breckland,Norfolk;12395;50
572896;Oblique;;43.8;26;5.1;;4.95;1;NEOLITHIC;-2700;-2351;West Lindsey,Lincolnshire;11059;73.4
571360;;;47.95;37.86;4.99;;5.95;1;NEOLITHIC;-2700;-2551;Forest Heath,Suffolk;7376;50
570917;none;none;32.6;15.6;3.5;;2;1;NEOLITHIC;-2500;-2100;Cornwall,Cornwall;5886;75.2
569506;Laurel Leaf;;33.96;26.91;8.41;;8.9;1;UNKNOWN;-3800;-3000;Richmondshire,Yorkshire del Norte;12059;73.4
568655;;;40.06;14.58;8.92;;14.7;1;MEDIEVAL;1200;1500;Northumberland,Northumberland;12396;48.2
565681;Leaf;;30.1;27.8;4.8;;3.9;1;NEOLITHIC;-4000;-2701;Harrogate,Yorkshire del Norte;12095;53.6
564035;;;29.2;21.7;3.8;;2.2;1;NEOLITHIC;-2500;-2100;East Riding of Yorkshire,East Riding of Yorkshire;13250;73.4
563854;;;40.8;17.4;2.8;;2.62;1;BRONZE AGE;-2150;-1500;Tonbridge and Malling,Kent;11692;46.4
561033;;;32;20;4.5;;;1;NEOLITHIC;-4000;-3000;South Norfolk,Norfolk;13210;51.8
557074;;;28.8;22.6;6;;4.3;1;NEOLITHIC;-3500;-2100;East Riding of Yorkshire,East Riding of Yorkshire;13250;51.8
556867;;;17.8;8.9;3.5;;1.73;1;POST MEDIEVAL;1500;1600;West Lindsey,Lincolnshire;11059;68
555395;;;42.45;7.2;3.85;;6.4;1;MEDIEVAL;1300;1500;Stafford,Staffordshire;12032;71.6
553422;;;29;28;6;;4.87;1;BRONZE AGE;-2500;-1800;South Gloucestershire,South Gloucestershire;13190;71.6
553124;;;36.59;9000.96;;11.6;3.75;1;MEDIEVAL;1100;1500;Babergh,Suffolk;7185;71.6
552003;;;32.9;21.4;7.6;;5.27;1;BRONZE AGE;-2500;-1500;Doncaster,Yorkshire del Sur;5731;60.8
552001;;;39.1;22.3;6.8;;5.39;1;BRONZE AGE;-2500;-1500;Doncaster,Yorkshire del Sur;5731;48.2
551997;;;49;23.5;6.65;;5.64;1;BRONZE AGE;-2500;-1500;Doncaster,Yorkshire del Sur;5731;68
546462;;;28;19;6;;2.8;1;NEOLITHIC;-2900;-2100;Northampton,Northamptonshire;13951;59
544681;;;37.39;14.65;11;;6.65;1;MEDIEVAL;1300;1500;Tower Hamlets,London;7588;50
541593;;;22.1;13.9;2.7;;1.03;1;NEOLITHIC;-4000;-1150;West Somerset,Somerset;12273;50
540341;Leaf;;14.42;15.94;;;0.9;1;NEOLITHIC;-3500;-2100;Malvern Hills,Worcestershire;6515;50
537890;;;28;20;4.12;;2;1;NEOLITHIC;-2500;-1500;Cornwall,Cornwall;5886;73.4
537179;oblique;;37;14;;;;1;NEOLITHIC;;;Mid Devon,Devon;14034;73.4
536522;Arrowhead;;69.16;30.36;14.97;;32.8;1;NEOLITHIC;-4000;-2100;South Oxfordshire,Oxfordshire;7733;66.2
536080;;;38.01;22.9;5.35;;4.15;1;NEOLITHIC;-2500;-1500;East Riding of Yorkshire,East Riding of Yorkshire;13250;77
536077;;;28.34;21.66;3.34;;1.58;1;BRONZE AGE;-2500;-1500;East Riding of Yorkshire,East Riding of Yorkshire;13250;73.4
534526;;;33.76;19.02;4.91;;2.56;1;NEOLITHIC;-4500;2000;Mole Valley,Surrey;5603;73.4
530925;Oblique;British Oblique;49.22;18.11;5.81;;5.13;1;NEOLITHIC;-2500;-2100;Chichester,Sussex Occidental;13859;62.6
526896;Barbed and tanged;;22;20;4;;1.5;1;BRONZE AGE;-2150;-1500;West Oxfordshire,Oxfordshire;5884;59
526463;;;42.39;22.51;7.47;;5.4;1;NEOLITHIC;-3500;-2500;Swindon,Swindon;4786;75.2
525208;;;34.83;19.38;4.83;;3.16;1;NEOLITHIC;-3000;-1000;St. Edmundsbury,Suffolk;11781;62.6
522793;;;55.5;7.5;10;;11.33;1;BRONZE AGE;-1300;-800;Braintree,Essex;5759;66.2
522443;;;28;18;3;2.2;;1;BRONZE AGE;-2150;-1500;Derbyshire Dales,Derbyshire;8320;50
521925;;;34.7;20.1;5.41;;3.45;1;NEOLITHIC;-2500;-1500;Winchester,Hampshire;10715;73.4
521742;;;35.2;18.9;7.7;;4.27;1;NEOLITHIC;-2500;-1500;Barnet,London;9649;55.4
519794;;;26;16;3.5;;1.02;1;BRONZE AGE;-2150;-1500;Cornwall,Cornwall;5886;75.2
519670;;;50.2;28.7;7.6;;8.99;1;NEOLITHIC;-2500;-1500;East Lindsey,Lincolnshire;14463;75.2
519140;;;32.7;18.1;5.7;;3.78;1;NEOLITHIC;-3500;-2500;Arun,Sussex Occidental;10288;75.2
518022;;;34.75;19.65;3.45;;3.23;1;NEOLITHIC;-3500;-2300;Stratford-on-Avon,Warwickshire;7521;73.4
518015;;;30.1;21.2;6.6;;3.11;1;BRONZE AGE;-2300;-1500;Stratford-on-Avon,Warwickshire;7521;69.8
517980;;;32.9;26.4;6.8;;5.17;1;NEOLITHIC;-3500;-1500;Stratford-on-Avon,Warwickshire;7521;77
516724;;;18.78;11.11;3.4;;0.67;1;NEOLITHIC;-3500;-2100;East Riding of Yorkshire,East Riding of Yorkshire;13250;66.2
515922;;;32;24;5;;3.56;1;BRONZE AGE;;;Hinckley and Bosworth,Leicestershire;8167;75.2
515556;;;36;23;3;;2.97;1;BRONZE AGE;;;Kettering,Northamptonshire;14314;73.4
515491;Arrowhead;;22.2;16.3;2.6;;0.92;1;NEOLITHIC;-2500;-2000;Tunbridge Wells,Kent;6547;75.2
514931;Oblique;British;29.3;17.7;4.9;;1.84;1;NEOLITHIC;-2100;-1500;Shropshire,Shropshire;12115;46.4
512429;;;46.89;22.14;5.87;;6.95;1;NEOLITHIC;-4500;-2000;East Lindsey,Lincolnshire;14463;77
512335;;;18.5;13.3;3.2;;2.6;1;NEOLITHIC;-3500;-2500;Harrogate,Yorkshire del Norte;12095;57.2
512204;triangular;;20.84;22.67;2.23;;1.3;1;NEOLITHIC;-2900;-2100;West Lindsey,Lincolnshire;11059;73.4
512031;;;38.01;19.73;4.14;;2.99;1;NEOLITHIC;-2500;-1500;Suffolk Coastal,Suffolk;5788;71.6
510943;Oblique;;41.7;19.53;4.45;;3.73;1;NEOLITHIC;-2500;-2100;Isle of Wight,Isle of Wight;7100;73.4
510460;;;24.87;17.89;;;1.3;1;NEOLITHIC;-3500;-2100;Richmondshire,Yorkshire del Norte;12059;73.4
510034;;;;;;;;1;NEOLITHIC;-2800;-2300;Ryedale,Yorkshire del Norte;7953;73.4
509215;;;;;;;;1;NEOLITHIC;-2500;-1500;West Oxfordshire,Oxfordshire;5884;73.4
509126;;;;;;;;1;NEOLITHIC;-4500;-2200;West Oxfordshire,Oxfordshire;5884;73.4
509004;Transverse arrowhead;;;;;;;1;NEOLITHIC;-2700;-2200;West Oxfordshire,Oxfordshire;5884;73.4
508541;Leaf shaped;;23.2;17;3.1;;1.35;1;NEOLITHIC;-3500;-2100;East Riding of Yorkshire,East Riding of Yorkshire;13250;73.4
508505;;;25.03;14.28;4.07;;1.3;1;BRONZE AGE;-2500;-700;West Oxfordshire,Oxfordshire;5884;73.4
508493;;;34.92;21.65;;;3.3;8;NEOLITHIC;-2500;-1500;West Oxfordshire,Oxfordshire;5884;73.4
508485;;;39.17;12.58;3.47;6.96;;1;MEDIEVAL;1066;1400;West Oxfordshire,Oxfordshire;5884;73.4
508480;;;61.36;22.62;;8.78;12;1;MEDIEVAL;1066;1400;West Oxfordshire,Oxfordshire;5884;73.4
507979;;;;;;;;8;NEOLITHIC;;;West Oxfordshire,Oxfordshire;5884;73.4
507903;;;;;;;;7;NEOLITHIC;;;West Oxfordshire,Oxfordshire;5884;73.4
507901;;;;;;;;6;NEOLITHIC;;;West Oxfordshire,Oxfordshire;5884;46.4
507898;;;;;;;;3;NEOLITHIC;;;West Oxfordshire,Oxfordshire;5884;71.6
507514;;;56.67;18.7;;8.16;7.1;1;MEDIEVAL;;;West Oxfordshire,Oxfordshire;5884;50
506747;Barbed and tanged;;23;24;5;;;1;NEOLITHIC;-2500;-1500;West Lindsey,Lincolnshire;11059;68
505584;;;24.9;16.2;5.3;;1.7;1;NEOLITHIC;-3500;-2100;Ryedale,Yorkshire del Norte;7953;62.6
505576;;;32.3;16.3;3.4;;1.7;1;NEOLITHIC;-3500;-2100;Hambleton,Yorkshire del Norte;10174;46.4
505201;;;30.77;14.54;3.99;;1.44;1;NEOLITHIC;-3500;-2100;Babergh,Suffolk;7185;69.8
504486;;;39.57;32.2;5.41;;4.51;1;NEOLITHIC;-2500;-1500;Mid Suffolk,Suffolk;13435;77
503323;barbed and tanged;;46.4;18.41;3.06;;3.95;1;BRONZE AGE;-2150;-800;West Lindsey,Lincolnshire;11059;68
501990;;;26.24;19.05;2.58;;1;1;NEOLITHIC;2100;1500;North Kesteven,Lincolnshire;10147;50
501939;;;14.7;8.9;2.6;;0.69;1;NEOLITHIC;-3500;-2100;North Lincolnshire,Lincolnshire;10663;57.2
501916;Neolithic;;30.1;17;3.9;;1.89;1;NEOLITHIC;-3500;-2500;Rotherham,Yorkshire del Sur;10631;68
501854;;;14.24;13.99;2.1;;0.6;1;NEOLITHIC;-3500;-2500;Northumberland,Northumberland;12396;68
501715;;;15;18.5;2;;0.48;1;NEOLITHIC;-2500;-1500;Eden,Cumbria;13367;64.4
499530;;;22.78;16.73;3.89;;1.6;1;NEOLITHIC;-3500;-2100;Lichfield,Staffordshire;12700;77
499361;;;18.97;14.7;2.22;;0.7;1;NEOLITHIC;-3500;-1500;Lichfield,Staffordshire;12700;73.4
499341;;;32;26;5;;2.54;1;BRONZE AGE;-2100;-1500;Charnwood,Leicestershire;7307;48.2
495916;;;28.01;19.91;2.34;;1.8;1;NEOLITHIC;-4500;-700;Scarborough,Yorkshire del Norte;8373;64.4
495876;Leaf-shaped;;39;28;2.5;;2.43;1;NEOLITHIC;;;South Hams,Devon;14067;71.6
495062;;;31.2;13.9;9.4;;7.27;1;UNKNOWN;-1150;1500;Milton Keynes,Buckinghamshire;10571;50
494718;;;49.58;17.59;5.93;;6.8;1;MEDIEVAL;1100;1500;Halton,Halton;8679;55.4
494515;;;35.6;20.4;6;;4.1;1;BRONZE AGE;-2500;-1500;Doncaster,Yorkshire del Sur;5731;46.4
493287;;;28.9;18.8;5.5;;2.05;1;NEOLITHIC;-2500;-2100;Taunton Deane,Somerset;6643;50
492023;;;50.5;26.6;7.1;;8.82;1;NEOLITHIC;-3500;-2100;Arun,Sussex Occidental;10288;50
491297;British Oblique;;30.29;21.65;4.01;;2.5;1;NEOLITHIC;-3000;-2400;West Lindsey,Lincolnshire;11059;73.4
491199;;;19.8;18.37;3.29;;1.3;1;NEOLITHIC;-3500;-2100;Northumberland,Northumberland;12396;64.4
491195;;;18.79;13.82;0.8;;0.7;1;NEOLITHIC;-3500;-2100;Northumberland,Northumberland;12396;51.8
489752;Transverse;;35.46;26.92;5.02;;3.2;1;NEOLITHIC;-3500;-2100;Swindon,Swindon;4786;59
488736;laurel leaf;;35.17;24.25;7.14;;7.1;1;NEOLITHIC;-3500;-1500;Bassetlaw,Nottinghamshire;9226;48.2
488649;;;48;22;6;;4.51;1;BRONZE AGE;-2150;-1500;Melton,Leicestershire;14135;77
487737;;;3;2.5;;;;1;BRONZE AGE;-2500;-1500;Daventry,Northamptonshire;12696;75.2
487173;;;31.74;17.07;2.3;;3.9;1;BRONZE AGE;-1500;-800;Vale of White Horse,Oxfordshire;9599;75.2
486936;Transverse;;35;19.7;5.8;;3.22;1;NEOLITHIC;-3500;-2100;North Lincolnshire,Lincolnshire;10663;50
486434;;;40.96;32.57;8.05;;8.96;1;NEOLITHIC;-2500;-1500;Harrogate,Yorkshire del Norte;12095;51.8
486383;leaf shaped;;;;;;;2;NEOLITHIC;-3500;-1500;Harrogate,Yorkshire del Norte;12095;69.8
485307;;;31.9;17.4;3.7;;2.3;1;NEOLITHIC;-4500;-1500;Cornwall,Cornwall;5886;51.8
484819;barbed and tanged arrowhead;;32;18;5;;2.28;1;BRONZE AGE;-2800;-1500;South Gloucestershire,South Gloucestershire;13190;73.4
484729;Leaf Shaped;;26.8;19.29;3.57;;2;1;NEOLITHIC;-3500;-2100;Newark and Sherwood,Nottinghamshire;8646;69.8
484353;;;24.5;16.8;4.3;;1.91;1;NEOLITHIC;-3500;-2900;Wakefield,Yorkshire del Oeste;13091;64.4
484315;Triangular;;36;27;3;;;1;NEOLITHIC;-3500;-1500;East Lindsey,Lincolnshire;14463;50
483689;Leaf Shaped;;17.71;19.68;3.95;;1.38;1;NEOLITHIC;-3500;-2100;Newark and Sherwood,Nottinghamshire;8646;50
483467;;;22.35;21.11;4.8;;1.63;1;BRONZE AGE;-2500;-1150;Wealden,Sussex Oriental;12571;50
483132;;;22.53;12.74;3.72;;0.85;1;NEOLITHIC;-4500;-2100;Cornwall,Cornwall;5886;50
483107;;;21.5;18.5;5;;1.22;1;NEOLITHIC;-4500;-2100;Cornwall,Cornwall;5886;50
482312;;;21.4;14.1;4.2;;1.27;1;NEOLITHIC;-2500;-2100;Cornwall,Cornwall;5886;50
482308;;;25.2;15.3;3.2;;1.08;1;NEOLITHIC;-2500;-1500;Cornwall,Cornwall;5886;50
481899;;;32.5;17.9;3.8;;1.4;1;NEOLITHIC;-2900;-2100;Cornwall,Cornwall;5886;50
481625;;;21;16.5;3;;1.07;1;NEOLITHIC;-4500;-2100;Cornwall,Cornwall;5886;73.4
481567;;;21.9;18.1;3.2;;1.25;1;NEOLITHIC;-4500;-2900;Cornwall,Cornwall;5886;75.2
481467;;;38;25;9;;6.45;1;NEOLITHIC;-4500;-2100;Cornwall,Cornwall;5886;50
481188;;;40.1;19.5;4.2;;4.18;1;NEOLITHIC;-4500;-3500;Sevenoaks,Kent;11383;50
480886;;;36;25;4.6;;;1;NEOLITHIC;4000;3000;Breckland,Norfolk;12395;50
480869;;;23.9;19.3;2.5;;1;1;NEOLITHIC;-3500;-2100;Hambleton,Yorkshire del Norte;10174;50
480320;;;22.2;20.2;3.5;;1.1;1;BRONZE AGE;-2000;-1000;Cornwall,Cornwall;5886;
480007;;;25.1;16.8;2.8;;0.95;1;NEOLITHIC;-4500;-2100;Cornwall,Cornwall;5886;50
478988;;;24.37;15.11;4.42;;1.5;1;NEOLITHIC;-4500;-2100;Cornwall,Cornwall;5886;77
478804;;;61;11;9;;13.04;1;MEDIEVAL;1200;1500;;13371;50
477682;;;12.3;19.1;3;;0.7;1;NEOLITHIC;-4500;-2100;Cornwall,Cornwall;9742;50
477501;Leaf Shaped;;26.6;20.1;4.7;;2.33;1;NEOLITHIC;-3500;-2100;North Lincolnshire,Lincolnshire;11911;55.4
477216;;;12;10;2;;0.32;1;NEOLITHIC;-4500;-2100;Cornwall,Cornwall;11911;55.4
476956;;;31;18;4;;2.13;1;NEOLITHIC;-2900;-2100;Cornwall,Cornwall;10663;50
476254;Barbed and tanged;;;;;;;1;NEOLITHIC;-2500;-1500;South Kesteven,Lincolnshire;6515;50
476001;;;28;16;4;;;1;NEOLITHIC;-3500;-1500;South Kesteven,Lincolnshire;13241;50
475728;;;15.2;13.9;2.6;;0.65;1;NEOLITHIC;-4500;-2500;Cornwall,Cornwall;9994;50
475472;Oblique;;17.1;13;2.6;;1.07;1;NEOLITHIC;-2500;-2100;Cornwall,Cornwall;7406;50
475451;;;57.9;10.9;6.4;;9.6;1;MEDIEVAL;1400;1800;Hambleton,Yorkshire del Norte;11911;55.4
475326;;;18.6;21.8;4.7;;1.2;1;NEOLITHIC;-2500;-2100;Cornwall,Cornwall;8649;50
475000;;;28;17;4;;2.08;1;NEOLITHIC;-4500;-2100;Cornwall,Cornwall;10540;50
474948;;;24;17.5;4;;1.41;1;BRONZE AGE;-1500;-800;Wellingborough,Northamptonshire;7953;60.8
474666;;;21;19;3;;1.2;1;NEOLITHIC;-4500;-2500;Cornwall,Cornwall;7953;60.8
474585;Oblique;;25.36;13.33;3.28;;1.5;1;NEOLITHIC;-3300;-2200;Cornwall,Cornwall;7953;50
474559;Barbed and tanged;;28;18.5;4;;1.5;1;BRONZE AGE;-2500;-1500;North Dorset,Dorset;9562;50
474558;Barbed and tanged;;19;15;4;;1;1;BRONZE AGE;-2500;-1500;North Dorset,Dorset;9562;77
474493;;;21.1;16.1;4.6;;2.39;1;NEOLITHIC;-2500;-2100;Cornwall,Cornwall;5886;50
474491;Oblique;;23.1;17.2;2.4;;1.64;1;NEOLITHIC;-3300;-2200;Cornwall,Cornwall;5886;50
474287;;;16.8;11.4;2.8;;0.5;1;BRONZE AGE;-3500;-2200;County of Herefordshire,Herefordshire;5491;68
473603;;;19;11.5;4;;1.64;1;NEOLITHIC;-4500;-2100;Cornwall,Cornwall;5886;77
472377;;;16.3;11.1;1.9;;0.4;1;NEOLITHIC;-2500;-1500;Cornwall,Cornwall;5886;68
472255;;;28.1;18.3;;;1.6;1;BRONZE AGE;-2500;-1500;Warwick,Warwickshire;13309;68
472107;Flint;;29.7;16.9;2.2;;1.3;1;NEOLITHIC;-3500;-2100;North Lincolnshire,Lincolnshire;10663;50
472100;;;31.4;17.5;3.86;;1.94;1;NEOLITHIC;-3500;-2500;Rotherham,Yorkshire del Sur;10631;50
472024;;;20.05;11.85;4.49;;1.05;1;NEOLITHIC;-2500;-1500;Rotherham,Yorkshire del Sur;10631;50
471815;;;27.76;15;1.79;;1.25;1;NEOLITHIC;-4500;-2100;Cornwall,Cornwall;5886;60.8
471811;Oblique;;27.2;15.5;3.25;;1.75;1;NEOLITHIC;-2500;-1500;Cornwall,Cornwall;5886;60.8
471804;;;23.9;19.3;0.49;;2.35;1;NEOLITHIC;-4500;-2100;Cornwall,Cornwall;5886;59
471766;Leaf shaped;;16.5;16;3;;1;1;NEOLITHIC;-3500;-2100;North Dorset,Dorset;9562;50
471762;Leaf shaped;;20;20;4;;1.5;1;NEOLITHIC;-3500;-2100;North Dorset,Dorset;9562;50
471393;Socketed;;45.9;13.2;7;;4.5;1;MEDIEVAL;1100;1499;Leeds,Yorkshire del Oeste;13251;50
471126;;;20.9;18.9;2.8;;1.08;1;NEOLITHIC;-2500;-2100;Cornwall,Cornwall;5886;75.2
471097;;;26.7;17.1;4.1;;1.57;1;NEOLITHIC;-2500;-2100;Cornwall,Cornwall;5886;50
471043;Oblique;;32;13.5;5.1;;1.9;1;NEOLITHIC;-2500;-1500;Cornwall,Cornwall;5886;50
470876;;;30;8;;;;1;MEDIEVAL;1300;1500;Lancaster,Lancashire;8376;77
470776;;;26;33;5.5;;4.5;1;NEOLITHIC;-4500;-2100;Cornwall,Cornwall;5886;50
470770;;;14;12;3;;0.62;1;NEOLITHIC;-4500;-2100;Cornwall,Cornwall;5886;69.8
470727;;;55.1;34.45;12.38;;18.44;1;NEOLITHIC;-2500;-1500;Suffolk Coastal,Suffolk;5788;69.8
470725;Oblique;;33.1;17.9;3.2;;2;1;NEOLITHIC;-2800;-1500;Cornwall,Cornwall;5886;46.4
470115;;;41;26;6;;4.76;1;NEOLITHIC;-2500;-1500;Bedford,Bedfordshire;12391;59
470044;Sutton bj;;36;22;3.5;;3;1;BRONZE AGE;-2150;-1150;South Northamptonshire,Northamptonshire;6553;50
469747;Oblique;;34.64;14.61;4.49;;2.36;1;NEOLITHIC;-3300;-2200;Waverley,Surrey;11996;50
469020;;;37;24;3.6;;3.87;1;NEOLITHIC;-3500;-2100;Daventry,Northamptonshire;12696;50
466965;Oblique;;40.89;20.36;3.57;;2.45;1;NEOLITHIC;-3300;-2200;Cornwall,Cornwall;5886;
466962;Oblique;;26;18;10;;1.31;1;NEOLITHIC;-3300;-2100;Cornwall,Cornwall;5886;50
466930;;;19;23;3;;1.23;1;NEOLITHIC;-4500;-2100;Cornwall,Cornwall;5886;50
466929;;;32;1;4;;2.07;1;NEOLITHIC;-4500;-2100;;9742;50
466917;;;18;14;4;;1.05;1;NEOLITHIC;-4500;-2100;Cornwall,Cornwall;5886;62.6
466691;Oblique;;28;17;3.5;;1.47;1;NEOLITHIC;-3300;-2200;Cornwall,Cornwall;5886;50
466534;;;28;23.5;5;;2.32;1;NEOLITHIC;-2500;-1500;Cornwall,Cornwall;5886;73.4
465168;Leaf-Shaped;;27.1;20.4;3.3;;2.07;1;NEOLITHIC;-3500;-2100;Chesterfield,Derbyshire;12515;50
465027;;;32.4;26.6;4.6;;3.54;1;NEOLITHIC;-2500;-2100;Cornwall,Cornwall;5886;50
464858;Transverse;;34;25;2;;;1;NEOLITHIC;-3000;-1000;East Lindsey,Lincolnshire;14463;77
464727;;;46.9;24.7;5.7;;6.9;1;NEOLITHIC;-2500;-1500;Cornwall,Cornwall;5886;50
464692;;;20.5;18.2;5.2;;1.9;1;NEOLITHIC;-2500;-1500;Cornwall,Cornwall;5886;50
464260;;;42;23;5.5;;8.2;1;BRONZE AGE;-2500;-1500;Kettering,Northamptonshire;14314;50
463292;;;22.5;20.6;4.1;;1.5;1;BRONZE AGE;-2000;-1000;Cornwall,Cornwall;5886;50
463280;;;26.5;19.6;4.1;;1.7;1;BRONZE AGE;-2000;-1000;Cornwall,Cornwall;5886;73.4
462637;;;23;17.6;3;;1.41;1;NEOLITHIC;-4500;-2800;Cornwall,Cornwall;5886;46.4
462272;;;27.8;26.5;7.9;;5.95;1;NEOLITHIC;-2500;-1500;Cornwall,Cornwall;5886;68
462215;Barbed and Tanged;;23.4;17.1;;;1.14;1;BRONZE AGE;-2500;-1500;East Lindsey,Lincolnshire;14463;68
461749;;;21.3;14.5;4;;1.02;1;NEOLITHIC;-3500;-2900;West Lindsey,Lincolnshire;11059;71.6
461726;;;25.3;22.1;5;;3.07;1;NEOLITHIC;-2500;-2100;Rotherham,Yorkshire del Sur;10631;50
461714;Oblique;;31.6;20.8;6.7;;2.8;1;NEOLITHIC;-3300;-2100;Rotherham,Yorkshire del Sur;10631;69.8
461204;;;26.7;17.86;4.15;;1.73;1;NEOLITHIC;-3500;-2900;Doncaster,Yorkshire del Sur;5731;71.6
460821;Lithic Implement;;124.515;11.25;4;;0.4;1;NEOLITHIC;-4500;-2100;Cornwall,Cornwall;5886;46.4
460767;Tanged;Jessop type T3;42.14;11.25;7.79;;5.3;1;MEDIEVAL;1100;1200;Cheshire West and Chester,Cheshire;12123;59
460619;;;22.8;15.3;4.1;;1.46;1;NEOLITHIC;-3500;-2900;Doncaster,Yorkshire del Sur;5731;50
458779;;;24.9;19.3;4.4;;1.5;1;BRONZE AGE;-2500;-1500;Wiltshire,Wiltshire;7406;71.6
457847;;;71.15;10.85;;;13.9;1;MEDIEVAL;1200;1450;Malvern Hills,Worcestershire;6515;59
457806;Oblique;;28.3;16.8;2.41;;1.2;1;NEOLITHIC;-3300;-2100;Chelmsford,Essex;6947;50
457804;;;28.54;20.37;4.22;;1.7;1;BRONZE AGE;-2500;-1500;Great Yarmouth,Norfolk;9902;50
456107;;;22.78;18.05;3.04;;1.26;1;NEOLITHIC;-3500;-2100;South Derbyshire,Derbyshire;9628;
454250;;;40.53;32.17;8.72;;9.35;1;NEOLITHIC;-2500;-1500;Cornwall,Cornwall;5886;50
454199;;;28.96;20.06;6.57;;3.2;1;NEOLITHIC;-2500;-1500;Cornwall,Cornwall;5886;50
454187;;;28.7;18.9;3.36;;2.05;1;NEOLITHIC;-2500;-1500;Cornwall,Cornwall;5886;50
454179;;;17.09;15.99;3.01;;0.95;1;NEOLITHIC;-2800;-1500;Cornwall,Cornwall;5886;57.2
454145;;;23;18;5.3;;1.9;1;NEOLITHIC;-4500;-1500;Cornwall,Cornwall;5886;77
453951;Hollow based;;38.6;31.8;7;;8.17;1;NEOLITHIC;-2500;-2100;Isle of Wight,Isle of Wight;7100;77
453871;Transverse;;50.8;21.1;5;;3.65;1;NEOLITHIC;-3500;-2100;North Lincolnshire,Lincolnshire;10663;77
453688;;;26.1;14.9;4.1;;1.64;1;NEOLITHIC;-3500;-2100;North Lincolnshire,Lincolnshire;10663;50
453684;leaf-shaped;;32.2;15.4;4.8;;2.27;1;NEOLITHIC;-3500;-2100;North Lincolnshire,Lincolnshire;10663;50
453126;;;23.6;20.1;6.4;;2.8;1;NEOLITHIC;-2800;-1500;Cornwall,Cornwall;5886;57.2
453071;;;19.25;16.73;4.34;;1.3;1;BRONZE AGE;-2150;-1150;Cornwall,Cornwall;5886;60.8
453048;Leaf-shaped;;24.2;17.7;2.8;;1.53;1;NEOLITHIC;-3500;-2500;Isle of Wight,Isle of Wight;7100;60.8
452975;;;18.62;23.16;4.77;;1.87;1;BRONZE AGE;-2500;-1500;Surrey Heath,Surrey;13886;60.8
452974;;;22.78;23.71;3.88;;2.38;1;BRONZE AGE;-2500;-1500;Surrey Heath,Surrey;13886;50
452973;;;29.06;16.32;4.58;;1.46;1;BRONZE AGE;-2500;-1500;Surrey Heath,Surrey;13886;50
452358;;;25;23;5.5;;2.77;1;NEOLITHIC;-4500;-2100;Cornwall,Cornwall;5886;50
452341;;;28.31;23.35;4.32;;2.7;1;NEOLITHIC;-4500;-2100;Cornwall,Cornwall;5886;73.4
451575;;;35.14;24.75;5.74;;3.95;1;NEOLITHIC;-2500;-2500;Cornwall,Cornwall;5886;50
451517;Barbed and Tanged;;31.22;25.12;4.69;;3;1;BRONZE AGE;-2150;-1500;East Riding of Yorkshire,East Riding of Yorkshire;13250;50
451354;;;47.83;16.17;6.41;;6.25;1;BRONZE AGE;-1300;-800;Hambleton,Yorkshire del Norte;10174;57.2
451285;;;19.2;10.1;2.6;;0.65;1;NEOLITHIC;-4500;-2900;Cornwall,Cornwall;5886;53.6
451104;Barbed and tanged;;18.5;20.8;3;;2.72;1;BRONZE AGE;-2500;-800;Eden,Cumbria;13367;50
450285;;;;;;;;1;NEOLITHIC;-3500;-1500;Stroud,Gloucestershire;11568;50
448959;;;18;13;4;;1.25;1;NEOLITHIC;-2500;-2100;Cornwall,Cornwall;5886;66.2
448681;;;29;32;1.5;;9;1;NEOLITHIC;-2800;-2100;Cornwall,Cornwall;5886;77
448583;;;46.1;18.1;5.3;;4.5;1;NEOLITHIC;-2500;-2000;the Vale of Glamorgan,Gales;11911;77
448461;;;29;16.6;3.3;;1.57;1;NEOLITHIC;-3500;-2100;North Lincolnshire,Lincolnshire;10663;50
448458;Leaf Shaped;;26;17.3;4.1;;1.81;1;NEOLITHIC;-3500;-2100;North Lincolnshire,Lincolnshire;10663;50
447444;;;25;16;3.4;;1.7;1;NEOLITHIC;-3500;-1500;Cornwall,Cornwall;5886;50
447413;;;23;30;5;;2.2;1;NEOLITHIC;-2500;-2000;Cornwall,Cornwall;5886;50
447037;;;32.46;27.29;5.16;;4.63;1;NEOLITHIC;-2500;-1500;Cornwall,Cornwall;5886;50
446967;;;23.38;24.18;3.95;;2.58;1;NEOLITHIC;-2800;-1500;Cornwall,Cornwall;5886;50
446083;;;19;14;4;;0.9;1;NEOLITHIC;-4500;-2900;Cornwall,Cornwall;5886;50
446070;;;30;17;4;;1.45;1;NEOLITHIC;-4500;-2900;Cornwall,Cornwall;5886;69.8
445699;;;18.8;20.9;4;;1.7;1;NEOLITHIC;-2500;-2100;Cornwall,Cornwall;5886;60.8
445397;;;24.5;19.5;;;12.3;1;BRONZE AGE;-2150;-1500;South Northamptonshire,Northamptonshire;6553;73.4
445376;;;72.1;19.9;;;13;1;MEDIEVAL;1000;1400;Monmouthshire,Gales;13241;50
444880;;;38;;14;;;1;MEDIEVAL;1100;1500;Sheffield,Yorkshire del Sur;14158;73.4
444786;;;26.5;29.4;5.6;;4.77;1;BRONZE AGE;-2500;-1150;Taunton Deane,Somerset;6643;57.2
444362;;;30;24;9;;;1;MEDIEVAL;1400;1700;East Lindsey,Lincolnshire;14463;71.6
444330;;;33;6.5;0.1;;8.84;1;MEDIEVAL;1200;1500;Eden,Cumbria;13367;71.6
443661;triangular;;26.71;18.39;2.92;;1.3;1;NEOLITHIC;-2900;-2100;Doncaster,Yorkshire del Sur;5731;57.2
443656;Oblique;;37.07;21.42;7.07;;3.54;1;NEOLITHIC;-2900;-2100;Doncaster,Yorkshire del Sur;5731;57.2
443405;Transverse;Chisel;31.9;35.1;6.9;;5.44;1;NEOLITHIC;-2500;-2100;Isle of Wight,Isle of Wight;7100;50
442360;Leaf-shaped;;35.1;19.6;3.7;;2.02;1;NEOLITHIC;-3500;-2900;Isle of Wight,Isle of Wight;7100;69.8
441758;;;39;21;5;;2.6;1;NEOLITHIC;-2900;-2100;Cornwall,Cornwall;5886;59
440978;;;36;20;6;;3.02;1;BRONZE AGE;-1500;-800;Rutland,Rutland;14011;55.4
440608;;;48.24;12.8;9.55;;11.83;1;UNKNOWN;-2150;1950;Leeds,Yorkshire del Oeste;13251;55.4
439470;;;28.35;14.41;5.32;;2.42;1;NEOLITHIC;-4500;-1500;Arun,Sussex Occidental;10288;55.4
439463;;;30.64;18.22;2.96;;2.37;1;NEOLITHIC;-4500;-1500;Arun,Sussex Occidental;10288;66.2
439460;;;27.15;14.39;3.36;;1.52;1;NEOLITHIC;-4500;-1500;Arun,Sussex Occidental;10288;46.4
438371;;;3.2;1.25;5;;1.5;1;NEOLITHIC;-3500;-2100;Solihull,Midlands Occidentales;12605;46.4
437436;;;27.68;18.82;;;1.78;1;BRONZE AGE;-2000;-1500;Guildford,Surrey;13980;46.4
437432;;;25.61;16.85;;;1.42;1;NEOLITHIC;-6000;-2000;Guildford,Surrey;13980;66.2
437427;;;29.13;16.62;;;2.78;1;NEOLITHIC;-6000;-2000;Guildford,Surrey;13980;46.4
437425;;;;25.62;;;2.17;1;NEOLITHIC;-6000;-2000;Mole Valley,Surrey;5603;46.4
437424;;;43.98;21;6.26;;6.43;1;NEOLITHIC;-6000;-2000;Guildford,Surrey;13980;60.8
437422;;;35.63;36.34;8.95;;12.48;1;NEOLITHIC;-6000;-2000;Guildford,Surrey;13980;62.6
437359;;;33.04;22.15;3.3;;2.5;1;NEOLITHIC;-2900;-1500;Canterbury,Kent;6645;57.2
437015;;;28.6;16.88;4.04;;1.54;1;BRONZE AGE;-2150;-1500;St. Edmundsbury,Suffolk;11781;69.8
436946;Hollow based;;25.8;18.6;3.7;;1.67;1;NEOLITHIC;-2500;-2100;Isle of Wight,Isle of Wight;7100;50
436854;;;18;17;;;;1;NEOLITHIC;-2150;-1500;North Kesteven,Lincolnshire;10147;50
435946;;;30.95;16.91;6.25;;2.6;1;NEOLITHIC;-3500;-2800;Northumberland,Northumberland;12396;50
435933;;;19.3;13.94;1.82;;0.6;1;NEOLITHIC;-3500;-2800;Northumberland,Northumberland;12396;68
435443;Leaf-shaped;;19.06;15.24;3.76;;0.9;1;NEOLITHIC;-3500;-2900;Northumberland,Northumberland;12396;77
433776;;;23.9;15.75;4.8;;1.76;1;NEOLITHIC;-4500;-1500;West Somerset,Somerset;12273;50
433270;leaf-shaped;;22.5;15.6;2.9;;1.15;1;NEOLITHIC;-3500;-2100;North Lincolnshire,Lincolnshire;10663;66.2
433107;;;21.9;23.9;3.7;;1.84;1;NEOLITHIC;-3500;-1500;Taunton Deane,Somerset;6643;50
433101;;;39.29;21.44;;;;1;BRONZE AGE;-2000;-1500;Mole Valley,Surrey;5603;50
432888;;;22.3;23.9;5.9;;2.87;1;MESOLITHIC;-6500;-2900;Taunton Deane,Somerset;6643;50
431970;leaf shaped;;39;18.5;4;;;1;NEOLITHIC;-3500;-2100;Rugby,Warwickshire;13553;50
430452;leaf-shaped;;16.4;13.2;3.3;;0.62;1;NEOLITHIC;-3500;-2100;Bolsover,Derbyshire;10476;50
430450;barbed-and-tanged;;16.4;18.5;3.5;;0.83;1;NEOLITHIC;-2500;-1500;Bolsover,Derbyshire;10476;50
430449;leaf-shaped;;29.2;17.5;3.6;;1.73;1;NEOLITHIC;-3500;-2100;Bolsover,Derbyshire;10476;50
430446;barbed-and-tanged;;28;24;5.9;;2.83;1;NEOLITHIC;-2500;-1500;Bolsover,Derbyshire;10476;50
430440;transverse;British oblique;34.7;21.9;4;;2.56;1;NEOLITHIC;-3000;-2400;Bolsover,Derbyshire;10476;51.8
430436;leaf shaped;;34.7;16.3;4.8;;2.5;1;NEOLITHIC;-3500;-2100;Bolsover,Derbyshire;10476;71.6
429314;;;36.7;12.17;0.93;;3.2;1;UNKNOWN;;;Stafford,Staffordshire;12032;46.4
429091;;;28.72;26.25;4.53;;2.73;1;NEOLITHIC;-2500;-1500;Doncaster,Yorkshire del Sur;5731;75.2
427489;;;28.11;20.61;4.21;;2.15;1;NEOLITHIC;-2500;-2100;Wiltshire,Wiltshire;7406;55.4
426184;;;36;19.9;5;;3.14;1;NEOLITHIC;-2500;-2100;Harrogate,Yorkshire del Norte;12095;73.4
421313;;;41.75;;9.8;;5.6;1;MEDIEVAL;1200;1700;South Kesteven,Lincolnshire;13611;62.6
420223;Flint arrowhead;;19.6;21.8;;;1.53;1;NEOLITHIC;4000;2000;East Riding of Yorkshire,East Riding of Yorkshire;13250;57.2
419674;;;47.4;12.8;8;;6;1;ROMAN;200;410;Test Valley,Hampshire;9407;73.4
418494;;;27;22;4;;1.8;1;NEOLITHIC;-3000;-1800;Blaby,Leicestershire;6061;46.4
418254;;;62.16;39;;14.65;15.2;1;MEDIEVAL;1000;1550;West Oxfordshire,Oxfordshire;5884;75.2
417986;;;52.95;11;11;;15;1;BRONZE AGE;-2150;-800;Birmingham,Midlands Occidentales;8989;48.2
417980;;;37.99;10.3;10.3;;7.7;1;BRONZE AGE;-2150;-800;Shropshire,Shropshire;12115;46.4
417582;;;122;21;7;;18.61;1;EARLY MEDIEVAL;800;1000;Tewkesbury,Gloucestershire;6183;68
417381;Transverse;;35.89;32.28;4.42;;4.1;1;NEOLITHIC;-2500;-2100;Wiltshire,Wiltshire;7406;68
417319;transverse;;27.1;22.9;4.8;;3.78;1;NEOLITHIC;-2500;-2100;Rotherham,Yorkshire del Sur;10631;68
415759;;;24.1;23.9;5.2;;3.2;1;NEOLITHIC;-3500;-2500;Lichfield,Staffordshire;12700;53.6
415736;;;39.3;20.8;4.9;;5;1;NEOLITHIC;-3500;-2100;Lichfield,Staffordshire;12700;50
412717;;;21;16;4;;1.02;1;BRONZE AGE;-2100;-800;Huntingdonshire,Cambridgeshire;13549;48.2
412217;;;19;14;4;;0.92;1;NEOLITHIC;;;Cornwall,Cornwall;5886;50
411904;Spearpoint;;56.42;15.59;9.36;;6.3;1;MEDIEVAL;1100;1500;Dudley,Midlands Occidentales;5305;69.8
411587;;;32;20;;;;1;NEOLITHIC;;;Cornwall,Cornwall;5886;69.8
410395;chert;;30;15;10;;4.71;1;NEOLITHIC;-6500;-2900;Pendle,Lancashire;9838;46.4
410382;;;30;20;5;;4.04;1;NEOLITHIC;-6500;-2900;Pendle,Lancashire;9838;46.4
409694;;;22;21;;;1.7;1;NEOLITHIC;-3000;-2000;West Lindsey,Lincolnshire;11059;46.4
409365;;;31;17;2.6;;1.6;1;NEOLITHIC;-4000;-2000;West Lindsey,Lincolnshire;11059;46.4
409326;Leaf-shaped;;31;16;4;;1.9;1;NEOLITHIC;-3800;-2500;West Lindsey,Lincolnshire;11059;46.4
409202;;;26.07;18.55;4.33;;2.5;1;NEOLITHIC;-4000;-2000;Waverley,Surrey;11996;77
409197;;;22.78;21.22;;;1.64;1;BRONZE AGE;-2000;-1500;Waverley,Surrey;11996;50
408424;Barbed and tanged;;59.94;14.07;1.73;;2.82;1;MEDIEVAL;1300;1500;Lambeth,London;13278;77
408348;;;30.82;16.15;;;1.86;1;NEOLITHIC;-3500;-2000;South Oxfordshire,Oxfordshire;7733;51.8
405447;;;62.78;17.09;5.85;;6.77;1;NEOLITHIC;-4000;-2000;Suffolk Coastal,Suffolk;5788;69.8
404451;;;28.54;17.51;4.89;;2.26;1;NEOLITHIC;-2500;-2100;Mendip,Somerset;10695;50
404436;;;41.48;14.97;3.48;;2.05;1;NEOLITHIC;;;Bedford,Bedfordshire;12391;51.8
404202;;;26;21;3.7;;1.71;1;NEOLITHIC;-2900;-2150;Cornwall,Cornwall;5886;51.8
404092;oblique;;28.38;22.97;4.54;;2.13;1;NEOLITHIC;-2500;-2100;Mendip,Somerset;10695;75.2
404089;oblique;;31.96;21.74;5.56;;3.05;1;NEOLITHIC;-2500;-2100;Mendip,Somerset;10695;55.4
403518;Leaf shaped;;30.1;20.8;7.1;;4.3;1;NEOLITHIC;-3000;-2500;Telford and Wrekin,Telford and Wrekin;10173;75.2
403378;;;57;;3.7;;12.5;1;NEOLITHIC;-2500;-2100;Wellingborough,Northamptonshire;11969;51.8
402881;;;43.49;19.73;;;2.8;1;NEOLITHIC;-3500;-2500;Stratford-on-Avon,Warwickshire;7521;48.2
402776;;;38;18;10;;5.76;1;MEDIEVAL;1200;1500;South Gloucestershire,South Gloucestershire;13190;46.4
402402;;;57.07;8.36;4.81;;3.71;1;POST MEDIEVAL;1450;1700;Tower Hamlets,London;7588;66.2
401943;;;28.58;20.72;4.28;;2.33;1;BRONZE AGE;-2000;-1500;Guildford,Surrey;13980;62.6
401941;;;23.21;17.96;4.28;;1.76;1;NEOLITHIC;-3000;-2000;Mole Valley,Surrey;5603;66.2
401936;;;28;15;1;8;3.75;1;MEDIEVAL;1066;1500;Wyre,Lancashire;7092;66.2
401934;;;26.38;19.44;4.66;;2.55;1;NEOLITHIC;-3000;-2000;Mole Valley,Surrey;5603;66.2
401930;;;27.89;18.69;6.08;;3.17;1;NEOLITHIC;-3000;-2000;Mole Valley,Surrey;5603;75.2
401925;;;20.55;14.88;2.96;;0.92;1;NEOLITHIC;-3000;-2000;Mole Valley,Surrey;5603;66.2
401923;;;46.5;15;2;8.8;7.75;1;MEDIEVAL;1066;1500;Harrogate,Yorkshire del Norte;12095;66.2
401922;;;23.82;15.41;;;1.32;1;NEOLITHIC;-3000;-2000;Mole Valley,Surrey;5603;66.2
401919;;;30.66;14.42;;;2.15;1;NEOLITHIC;-3000;-2000;Mole Valley,Surrey;5603;66.2
401915;;;31.67;;;;2.44;1;NEOLITHIC;-3000;-2000;Mole Valley,Surrey;5603;66.2
401908;;;31.26;;4.39;;1.93;1;BRONZE AGE;-2000;-1500;Mole Valley,Surrey;5603;66.2
401904;;;38.23;15.39;4.29;;2.22;1;BRONZE AGE;-2000;-1500;Mole Valley,Surrey;5603;66.2
401887;;;39.76;23.77;5.15;;4.21;1;BRONZE AGE;-2000;-1500;Mole Valley,Surrey;5603;46.4
401884;;;21.24;;14.36;;1;1;NEOLITHIC;-3000;-2000;Mole Valley,Surrey;5603;66.2
401881;;;26.31;;3.28;;0.91;1;NEOLITHIC;-3000;-2000;Guildford,Surrey;13980;66.2
401719;;;35.54;23.45;5.72;;3.7;1;BRONZE AGE;-2000;-1500;Mole Valley,Surrey;5603;66.2
401713;;;21.9;18.69;3.8;;1.26;1;BRONZE AGE;-2000;-1500;Mole Valley,Surrey;5603;66.2
401707;;;38.73;33.93;;;12.62;1;NEOLITHIC;-2500;-2000;Mole Valley,Surrey;5603;77
401705;;;49.09;;;;4.13;1;NEOLITHIC;-2500;-2000;Mole Valley,Surrey;5603;51.8
400770;Leaf-shaped;;31.9;19.8;4;;1.93;1;NEOLITHIC;-3500;-2100;North Lincolnshire,Lincolnshire;10663;46.4
400620;Chisel;;42.46;31.53;4.13;;4.06;1;NEOLITHIC;-2500;-2100;Mendip,Somerset;10695;51.8
400592;;;74.74;19.45;19.44;;13.64;1;MEDIEVAL;1100;1300;West Lindsey,Lincolnshire;11059;48.2
399265;;;26.22;18.93;3.04;;1.89;1;NEOLITHIC;-2500;-2100;Mendip,Somerset;10695;75.2
398607;;;52.05;13.8;7.95;;6.76;1;MEDIEVAL;;;Vale of White Horse,Oxfordshire;9599;62.6
396999;;;24.76;21.88;;;1.8;1;BRONZE AGE;-2500;-1500;Stratford-on-Avon,Warwickshire;7521;62.6
396818;;;121;25;7.5;;45.43;1;MEDIEVAL;1100;1500;South Lakeland,Cumbria;7070;73.4
396200;;;22.15;17.74;3.87;;1.62;1;NEOLITHIC;-3500;-2100;St. Edmundsbury,Suffolk;11781;77
395678;;;34.9;16.6;5.5;;2.23;1;BRONZE AGE;-2500;-1150;The City of Brighton and Hove,Brighton and Hove;11692;46.4
395502;;;17.31;12.67;2.55;;0.6;1;MESOLITHIC;-8300;-2500;County of Herefordshire,Herefordshire;5491;50
395086;;;33.56;20.11;6.54;;3.17;1;NEOLITHIC;-2500;-2000;Guildford,Surrey;13980;50
393825;;;35.79;25.51;7.58;;6.1;1;NEOLITHIC;-3500;-2100;Northumberland,Northumberland;12396;73.4
393802;;;29.11;22.32;3.92;;2.2;1;NEOLITHIC;-3500;-2500;Northumberland,Northumberland;12396;51.8
391989;;;52.57;24.31;10.26;;12;1;NEOLITHIC;-3500;-2100;East Lindsey,Lincolnshire;14463;57.2
390995;;;65.5;;;;10.9;1;MEDIEVAL;1400;1600;Darlington,Darlington;8837;71.6
389979;Leaf-shaped;;36.3;18.6;4.8;;3.4;1;NEOLITHIC;-3500;-2500;Isle of Wight,Isle of Wight;7100;62.6
389638;;;26.23;17.71;6.3;;3.05;1;NEOLITHIC;-3500;-1500;Medway,Medway;13371;57.2
389528;;;28.5;18.5;4.9;;2;1;NEOLITHIC;-3500;-1150;Rother,Sussex Oriental;8318;77
388346;;;32.2;23.9;5.1;;2.79;1;NEOLITHIC;-2500;-2100;Isle of Wight,Isle of Wight;7100;51.8
388109;Leaf Shaped;;20.35;17.36;4.03;;1.64;1;NEOLITHIC;-3500;-2100;North Lincolnshire,Lincolnshire;10663;66.2
388028;;;22.6;16.97;4.45;;1.61;1;NEOLITHIC;-3500;-1500;Mendip,Somerset;10695;77
387812;Chisel shaped;;28.8;28.2;5.8;;4.91;1;NEOLITHIC;-2500;-1800;Mole Valley,Surrey;5603;48.2
387071;Leaf-shaped;;26.21;18.68;4.28;;1.97;1;NEOLITHIC;-3500;-2900;North Lincolnshire,Lincolnshire;10663;53.6
384718;;;33.4;20.3;3.6;;3.1;1;NEOLITHIC;-2500;-1150;Tonbridge and Malling,Kent;11692;50
383778;;;39.73;15.93;5.29;;2.18;1;NEOLITHIC;;;Huntingdonshire,Cambridgeshire;13549;77
291382;;;62.77;19.33;4.39;;18.02;1;MEDIEVAL;1066;1450;South Oxfordshire,Oxfordshire;7733;68
291177;;;23.93;17.98;3.5;;1.2;1;NEOLITHIC;-2500;-1500;Suffolk Coastal,Suffolk;5788;51.8
291133;;;22;15;4;;1.21;1;NEOLITHIC;-2900;-2100;Warwick,Warwickshire;13309;68
290591;;;36.03;20;13.91;;2.7;1;NEOLITHIC;-4000;-3200;Mendip,Somerset;10695;68
288093;leaf shaped;;22.22;14.84;3.27;;0.82;1;NEOLITHIC;-3500;-2900;Rotherham,Yorkshire del Sur;10631;50
288060;leaf shaped;;32.43;18.67;3.22;;1.63;1;NEOLITHIC;-3500;-2900;Rotherham,Yorkshire del Sur;10631;50
287809;;;27.63;19.27;4.85;;2.5;1;NEOLITHIC;-3500;-2900;Rugby,Warwickshire;13553;50
287798;;;17.2;23.36;2.5;;1.3;1;NEOLITHIC;-3500;-2900;Rugby,Warwickshire;13553;68
287776;;;16.09;16.36;2.31;;0.6;1;NEOLITHIC;-3500;-1500;Rugby,Warwickshire;13553;66.2
287731;Tanged;;22.67;17.37;4.91;;1.9;1;BRONZE AGE;-2150;-1500;West Somerset,Somerset;12273;50
286322;;;17.7;13.6;3.3;;0.76;1;NEOLITHIC;-3500;-2900;Selby,Yorkshire del Norte;13941;73.4
284778;;;38.03;15.5;5.8;;3.2;1;NEOLITHIC;-3500;-2900;South Staffordshire,Staffordshire;13890;60.8
284666;Leaf-shaped;;26.8;18;3.7;;1.7;1;NEOLITHIC;-3500;-2150;East Riding of Yorkshire,East Riding of Yorkshire;13250;51.8
284626;transverse;;28.5;29.9;3.46;;2.49;1;NEOLITHIC;-2500;-2100;Craven,Yorkshire del Norte;6281;51.8
283102;;;36.52;20.55;21.2;;;1;NEOLITHIC;-3500;-2100;Calderdale,Yorkshire del Oeste;14704;51.8
283078;;;30.76;16.93;16.72;;;1;NEOLITHIC;-2500;-2100;Calderdale,Yorkshire del Oeste;14704;51.8
283067;;;21.55;32.23;5.52;;;1;NEOLITHIC;-3500;-2100;Calderdale,Yorkshire del Oeste;14704;51.8
282998;;;23.05;14.5;3.93;;;1;NEOLITHIC;-3500;-2100;Calderdale,Yorkshire del Oeste;14704;51.8
282964;;;41.5;17.64;3.72;;;1;NEOLITHIC;-3500;-2100;Calderdale,Yorkshire del Oeste;14704;51.8
282954;;;48.57;24.86;6.3;;;1;NEOLITHIC;-3500;-2100;Calderdale,Yorkshire del Oeste;14704;51.8
282950;;;35.88;35.91;5.28;;;1;NEOLITHIC;-2500;-2100;Calderdale,Yorkshire del Oeste;14704;66.2
282946;;;35.87;24.86;6.3;;;1;NEOLITHIC;-2500;-2100;Calderdale,Yorkshire del Oeste;14704;46.4
282850;;;22.8;16.1;3.5;;1.12;1;NEOLITHIC;-3500;-2900;York,Yorkshire;6160;73.4
276637;Bullet-headed;;39.15;11.08;;11.08;5.37;1;MEDIEVAL;1066;1500;Wiltshire,Wiltshire;7406;77
275553;Leaf shaped;;34.9;21.3;3.7;;2.91;1;NEOLITHIC;-3500;-2900;Aylesbury Vale,Buckinghamshire;13823;71.6
275286;Leaf-shaped;Type 4B/C (Green 1980, figs 28-29);41.88;19.82;4.14;;;1;NEOLITHIC;-3500;-2500;North Lincolnshire,Lincolnshire;10663;57.2
275273;;;32.1;18.6;4.9;;2.14;1;NEOLITHIC;-3500;-2900;Doncaster,Yorkshire del Sur;5731;46.4
275180;;;45.6;26.2;6.1;;5.98;1;NEOLITHIC;-3500;-2100;Isle of Wight,Isle of Wight;7100;77
274703;leaf-shaped;;21.72;15.69;2.52;;;1;NEOLITHIC;-3500;-2900;West Lindsey,Lincolnshire;11059;73.4
274444;;;28.14;20.5;5.1;;2.9;1;NEOLITHIC;-2500;-2100;County of Herefordshire,Herefordshire;5491;57.2
273754;;;27.3;12.75;5.82;;3.8;1;EARLY MEDIEVAL;850;1400;South Cambridgeshire,Cambridgeshire;14251;66.2
271179;Barbed and tanged;;26.5;21.4;3.8;;2.27;1;NEOLITHIC;-2500;-1500;Isle of Wight,Isle of Wight;7100;50
270890;;;30.26;18.5;3.63;;2.53;1;NEOLITHIC;-2500;-2100;Selby,Yorkshire del Norte;13941;64.4
270450;;;33.17;24.5;3.54;;3.3;1;NEOLITHIC;-2500;-1500;Hambleton,Yorkshire del Norte;10174;57.2
270399;;;44.45;14.5;8.86;;8.51;1;MEDIEVAL;1400;1500;Southwark,Southwark;7031;57.2
270222;;;22.65;14.47;2.61;;0.9;1;NEOLITHIC;-3500;-1500;Flintshire,Flintshire;6036;69.8
269249;;;23;23;;;1.19;1;BRONZE AGE;-2300;-600;Eden,Cumbria;13367;64.4
269242;shale;;30;17;4;;2.26;1;MESOLITHIC;-6500;-2900;Pendle,Lancashire;9838;66.2
268992;;;29;20.2;;;;1;MESOLITHIC;-6500;-2900;Bassetlaw,Nottinghamshire;9226;66.2
268345;;;30.85;22.32;7.24;;3.8;1;NEOLITHIC;-3500;-2900;Selby,Yorkshire del Norte;13941;73.4
268343;;;33.53;24.95;8.27;;8.1;1;NEOLITHIC;-3500;-2900;Selby,Yorkshire del Norte;13941;73.4
267938;;;23.92;12.69;2.82;;0.9;1;NEOLITHIC;4000;3500;West Oxfordshire,Oxfordshire;5884;50
267937;;;23.95;13.62;3.48;;1.1;1;NEOLITHIC;4000;3500;West Oxfordshire,Oxfordshire;5884;69.8
265738;;;28.22;29.51;4.9;;4.05;1;NEOLITHIC;-2500;-2100;Taunton Deane,Somerset;6643;62.6
264922;;;30.4;19.4;4.6;;2.36;1;NEOLITHIC;-2500;-1150;Lewes,Sussex Oriental;7375;46.4
264904;;;44.27;17.46;;;9.49;1;MEDIEVAL;1200;1400;St. Edmundsbury,Suffolk;11781;62.6
263938;;;43;23;5;;6.7;1;NEOLITHIC;-3500;-1500;North West Leicestershire,Leicestershire;6217;62.6
262747;;;23.3;21.9;4;;1.64;1;NEOLITHIC;-2500;-1150;Horsham,Sussex Occidental;9536;62.6
262745;;;23.3;21.9;4;;1.64;1;NEOLITHIC;-2500;-1150;Horsham,Sussex Occidental;9536;50
262512;;;;;;;2.97;2;BRONZE AGE;-2500;-1150;Horsham,Sussex Occidental;9536;75.2
258381;;Barbed and Tanged;55.54;25.5;3.42;;10.03;1;BRONZE AGE;-2100;-1500;East Cambridgeshire,Cambridgeshire;10386;71.6
257372;;;28.2;21.7;4;;2.63;1;NEOLITHIC;-3000;-2200;Stratford-on-Avon,Warwickshire;7521;62.6
256582;;;54.9;46.1;4.4;;9.04;1;NEOLITHIC;-2500;-2100;Ryedale,Yorkshire del Norte;7953;51.8
253231;;;31;18.8;3.5;;2.15;1;NEOLITHIC;-3500;-2900;Rother,Sussex Oriental;8318;51.8
252831;;;24.63;17.37;5.51;;2.18;1;NEOLITHIC;-3500;-2100;Mendip,Somerset;10695;51.8
252811;;;-47.62;24.79;4.37;;3.65;1;NEOLITHIC;-3500;-2100;Mendip,Somerset;10695;51.8
252803;;;16.82;13.59;2.19;;0.38;1;NEOLITHIC;-3500;-1500;Mendip,Somerset;10695;46.4
252797;;;33.36;17.75;5.51;;2.97;1;NEOLITHIC;-3500;-2100;Mendip,Somerset;10695;73.4
251929;;;28.88;23.31;4.99;;2.97;1;NEOLITHIC;-2500;-2100;South Somerset,Somerset;10540;73.4
250631;;;21.4;14.9;4.1;;0.9;1;BRONZE AGE;-2150;-800;East Riding of Yorkshire,East Riding of Yorkshire;13250;71.6
248464;;;23.7;18.9;3.4;;1.2;1;BRONZE AGE;-2150;-800;East Riding of Yorkshire,East Riding of Yorkshire;13250;68
246605;Leaf shaped;;35.05;17.99;3.84;;2.27;1;NEOLITHIC;-3500;-2100;Ryedale,Yorkshire del Norte;7953;68
246417;leaf shaped;;32.6;20.96;4.71;;3.06;1;NEOLITHIC;-3500;-2500;Rotherham,Yorkshire del Sur;10631;68
246415;Petit Tranchet;;18.71;22.88;2.66;;1.69;1;NEOLITHIC;-2500;-2100;Rotherham,Yorkshire del Sur;10631;68
246311;leaf shaped;;18.34;19.03;2.52;;1.06;1;NEOLITHIC;-3500;-2900;Rotherham,Yorkshire del Sur;10631;48.2
246305;hollow based;;31.27;20.67;3.89;;2.54;1;NEOLITHIC;-2500;-2100;Rotherham,Yorkshire del Sur;10631;62.6
246233;;;41;12.69;11.59;;5.6;1;MEDIEVAL;1300;1500;Wycombe,Buckinghamshire;7529;73.4
246140;;;88.25;;10.9;;15.29;1;MEDIEVAL;1250;1350;Winchester,Hampshire;10715;77
243257;;;18.67;48.01;4.57;;10;1;BRONZE AGE;-2150;800;Cheshire East,Cheshire;12247;64.4
240542;Leaf Shaped;;38.4;19.6;4.4;;3.35;1;NEOLITHIC;-3500;-2100;North Lincolnshire,Lincolnshire;10663;77
240370;;;35.52;20.33;4.79;;3.49;1;NEOLITHIC;-3500;-2900;Wealden,Sussex Oriental;12571;75.2
239666;;;;;;;;1;NEOLITHIC;-4000;-3001;King's Lynn and West Norfolk,Norfolk;12305;50
237734;;;;;;;;1;NEOLITHIC;-2500;-2100;Breckland,Norfolk;12395;77
237460;Leaf-shaped;;33;25;6;;;1;NEOLITHIC;-4500;-2900;Cornwall,Cornwall;5886;69.8
236071;Leaf-shaped;;35.45;16.13;4.22;;2.54;1;NEOLITHIC;-3500;-2100;Colchester,Essex;9134;50
235696;;;92.5;57.9;11.6;;36.59;1;MEDIEVAL;1200;1300;Lewes,Sussex Oriental;7375;75.2
234428;Barbed and Tanged;;25.9;17.3;5.5;;2.07;1;BRONZE AGE;-2150;-800;Hambleton,Yorkshire del Norte;10174;50
234297;;;29.17;14.18;3.39;;;1;NEOLITHIC;;;Stratford-on-Avon,Warwickshire;7521;53.6
233574;Leaf Shaped;;24.2;18.6;3.5;;1.41;1;NEOLITHIC;-3500;-2100;Hambleton,Yorkshire del Norte;10174;48.2
233283;Barbed and Tanged;;45.26;25.04;5.11;4.58;2.78;1;BRONZE AGE;-2150;-1500;Huntingdonshire,Cambridgeshire;13549;48.2
231949;Leaf-shaped;;39.8;19.23;;;5.5;1;NEOLITHIC;;;Vale of White Horse,Oxfordshire;9599;64.4
231880;Jessop MP3;;53.6;16.43;;;11.12;1;MEDIEVAL;1066;1500;Vale of White Horse,Oxfordshire;9599;68
231382;;;32.2;16.9;3.8;;1.91;1;NEOLITHIC;-3500;-2100;Bassetlaw,Nottinghamshire;9226;75.2
230959;;;31.33;19.92;8.33;;4.7;1;NEOLITHIC;;;County Durham,Durham;10319;51.8
230887;Barbed and tanged;;23.9;17.7;3.7;;1.16;1;NEOLITHIC;-2300;-1500;Shropshire,Shropshire;12115;75.2
228860;Chisel;;43.7;25.6;7.5;;7.8;1;NEOLITHIC;-2500;-2100;Mendip,Somerset;10695;73.4
228493;;;33.4;19.9;3.2;;1.9;1;NEOLITHIC;-3500;-2100;Harrogate,Yorkshire del Norte;12095;77
228427;;;48.73;28.16;12.49;;14;1;NEOLITHIC;-3500;-2900;East Riding of Yorkshire,East Riding of Yorkshire;13250;73.4
227821;;;41;18;4;;;1;NEOLITHIC;-2500;-1500;King's Lynn and West Norfolk,Norfolk;12305;62.6
227321;;;73;;;;21;1;;;;East Northamptonshire,Northamptonshire;8100;46.4
227088;;;29.51;24.46;4.17;;2.5;1;BRONZE AGE;-2150;-1500;South Lakeland,Cumbria;7070;71.6
227074;Leaf;;40;17;15.5;;3.35;1;NEOLITHIC;-3500;-2900;Wiltshire,Wiltshire;7406;68
226511;;;41.4;19.2;6.5;;4.8;1;NEOLITHIC;-3500;-2100;Ryedale,Yorkshire del Norte;7953;68
225668;;;31.6;21.1;5.8;;3.68;1;NEOLITHIC;-2500;-1500;Rotherham,Yorkshire del Sur;10631;68
225658;;;23.9;17.5;4.5;;1.86;1;NEOLITHIC;-2500;-1500;Rotherham,Yorkshire del Sur;10631;46.4
225646;;;21.9;20.6;5.7;;2.3;1;NEOLITHIC;-3500;-2100;Rotherham,Yorkshire del Sur;10631;68
225352;;;27.8;17.6;4;;;1;NEOLITHIC;;;Denbighshire,Denbighshire;11050;73.4
223982;;;30.6;13.27;3.26;;1.3;1;NEOLITHIC;;;County Durham,Durham;10319;46.4
223141;;;30.6;15.4;4.1;;1.7;1;NEOLITHIC;-3500;-2150;East Riding of Yorkshire,East Riding of Yorkshire;13250;64.4
222803;Barbed and Tanged;;26;16.6;4.2;;1.4;1;BRONZE AGE;-2150;-1500;South Somerset,Somerset;10540;69.8
220926;Leaf Shaped;;33;18;4;;3.06;1;NEOLITHIC;;;East Devon,Devon;8281;77
220737;Tanged;;24.8;16.1;2.9;;1.1;1;BRONZE AGE;-2150;-1500;Newark and Sherwood,Nottinghamshire;8646;60.8
220582;Barbed and Tanged;;26;12.9;3.2;;1.68;1;NEOLITHIC;-2500;-1500;North Lincolnshire,Lincolnshire;10663;68
219700;Leaf-shaped;;39;106;;;5.3;1;NEOLITHIC;-3500;;Northampton,Northamptonshire;13951;64.4
219257;Transverse;;30.3;17.9;5.8;;2.47;1;NEOLITHIC;-2500;-2100;Rotherham,Yorkshire del Sur;10631;59
219239;Transverse;;36.7;32.3;4.3;;4.35;1;NEOLITHIC;-2500;-2100;Bassetlaw,Nottinghamshire;9226;59
218838;;;42.8;27.8;8.1;;8.08;1;NEOLITHIC;-3500;-2900;Leeds,Yorkshire del Oeste;13251;75.2
218836;;;32.7;15.1;3.7;;1.68;1;NEOLITHIC;-3500;-2900;Leeds,Yorkshire del Oeste;13251;75.2
217785;;;35;18;;;3.2;1;NEOLITHIC;-2400;-1500;Wirral,Merseyside;11450;73.4
217784;;;34;21;;;2.8;1;NEOLITHIC;2400;1500;Wirral,Merseyside;11450;71.6
217204;Barbed and Tanged;;38;21;;;;1;NEOLITHIC;-2500;-1500;East Lindsey,Lincolnshire;14463;59
216852;;;75.4;17.1;10.5;;21.19;1;MEDIEVAL;1066;1500;Doncaster,Yorkshire del Sur;5731;62.6
216174;;;28.38;12.99;;;1.3;1;NEOLITHIC;-3500;-2900;Malvern Hills,Worcestershire;6515;66.2
215822;oblique;transverse;31.4;14.7;4.5;;1.85;1;NEOLITHIC;-3500;-2100;North East Derbyshire,Derbyshire;12277;71.6
215407;;;57;18.2;9.3;;10.97;1;MEDIEVAL;1066;1500;Selby,Yorkshire del Norte;13941;64.4
215022;;;35.8;12.2;10.2;;4.61;1;MEDIEVAL;1066;1500;Doncaster,Yorkshire del Sur;5731;46.4
214610;Barbed and tanged;;36.6;22.4;4.6;;2.75;1;BRONZE AGE;-2150;-1150;Wealden,Sussex Oriental;12571;59
214043;Chisel;;29.6;19;4.4;;2.3;1;NEOLITHIC;-3500;-2150;South Somerset,Somerset;10540;69.8
213763;;;26.9;15.5;3.7;;1.2;1;MESOLITHIC;-6500;-2900;Eastbourne,Sussex Oriental;13975;64.4
213723;leaf-shaped;;30;17.3;2.8;;1.22;1;NEOLITHIC;-3500;-2500;Newark and Sherwood,Nottinghamshire;8646;75.2
213394;Barbed and Tanged;;50.3;26.2;5.7;;5.3;1;BRONZE AGE;-2150;-1500;Bath and North East Somerset,Somerset;14375;68
213346;barbed and tanged;;;;4;;;1;BRONZE AGE;-2300;-1700;Broadland,Norfolk;14063;68
213102;;;32.8;17.6;9.8;;4.4;1;NEOLITHIC;-2500;-2100;Rotherham,Yorkshire del Sur;10631;69.8
213090;;;34.2;21.6;6.5;;5;1;NEOLITHIC;-2500;-2100;Rotherham,Yorkshire del Sur;10631;46.4
212964;Leaf shaped;;40;25;2.5;;;1;NEOLITHIC;-4000;-2000;North Kesteven,Lincolnshire;10147;75.2
212669;;;45.1;20.5;5.7;;4.7;1;NEOLITHIC;-3500;-2500;West Lindsey,Lincolnshire;11059;75.2
212082;;;79.7;30.7;;11.7;20.08;1;MEDIEVAL;1066;1400;Stratford-on-Avon,Warwickshire;7521;66.2
212075;;;50.5;14.6;;;6.32;1;MEDIEVAL;1066;1400;Stratford-on-Avon,Warwickshire;7521;66.2
211953;;;24.99;19.75;3.88;;1.4;1;NEOLITHIC;-2150;-1500;York,Yorkshire;6160;51.8
211952;;;31.04;18.07;3.55;;1.48;1;NEOLITHIC;-2150;-1500;York,Yorkshire;6160;69.8
211338;;;;;;;;1;BRONZE AGE;-2500;-1400;Forest Heath,Suffolk;7376;69.8
211266;;;32.5;23.4;5.8;;5.6;1;NEOLITHIC;-3500;-2100;South Northamptonshire,Northamptonshire;6553;57.2
210926;;;31;16;7;;;1;NEOLITHIC;-3500;-2100;Rutland,Rutland;14011;69.8
210337;;;58.9;38.9;9.9;;23.93;1;NEOLITHIC;-3500;-2100;Isle of Wight,Isle of Wight;7100;69.8
209055;Oblique;;30;20.2;4.4;;2.65;1;NEOLITHIC;-2500;-1500;Newark and Sherwood,Nottinghamshire;8646;50
209049;;;30.2;18;4;;1.74;1;NEOLITHIC;-2500;-1500;Newark and Sherwood,Nottinghamshire;8646;69.8
206836;;;20.3;16.5;4.8;;6.8;1;BRONZE AGE;-2150;-800;Hambleton,Yorkshire del Norte;10174;59
206045;Barbed and tanged;;27.21;25.7;8.16;;3.87;1;NEOLITHIC;-2500;-2100;Bedford,Bedfordshire;12391;77
205315;Leaf Shaped;;47.7;17.9;7.3;;5.07;1;NEOLITHIC;-3000;-2500;Malvern Hills,Worcestershire;6515;68
205314;Leaf Shaped;;40;21.2;4.8;;3.8;1;NEOLITHIC;-3000;-2500;County of Herefordshire,Herefordshire;5491;68
205275;Barbed and tanged;;39.23;30.52;5.09;;4.1;1;BRONZE AGE;-2000;-800;County Durham,Durham;10319;66.2
204368;;;30.7;17;4.1;;2.3;1;NEOLITHIC;-2500;-1500;Rotherham,Yorkshire del Sur;10631;77
203810;;;18.6;18.8;4.1;;1.1;1;BRONZE AGE;-2150;-800;Selby,Yorkshire del Norte;13941;62.6
203301;;;;;;;;1;MODERN;;;Suffolk Coastal,Suffolk;5788;73.4
203298;;;;;;;;1;NEOLITHIC;-2500;-2100;St. Edmundsbury,Suffolk;11781;75.2
203142;;;41.4;20.5;7.2;;4.9;1;NEOLITHIC;-3500;-2100;East Lindsey,Lincolnshire;14463;59
202606;;;40.42;12.63;5.85;;;1;MEDIEVAL;;;Harrogate,Yorkshire del Norte;12095;77
202104;;;;;;;;1;NEOLITHIC;-3500;-2100;Waveney,Suffolk;12451;46.4
201591;Barbed and Tanged;;30.3;15.7;4.5;;1.69;1;NEOLITHIC;-2500;-1500;North Lincolnshire,Lincolnshire;10663;46.4
201097;Chisel;;27.8;26.4;7.1;;4.6;1;NEOLITHIC;-2500;-1500;South Somerset,Somerset;10540;
199891;;;44.6;23.5;10;;9.5;1;MEDIEVAL;1225;1500;Wiltshire,Wiltshire;7406;64.4
199204;;;100.3;7.6;6.7;5.1;16.69;1;MEDIEVAL;1250;1499;;10663;46.4
194908;Barbed and Tanged;;26;18.5;;;;1;BRONZE AGE;-2150;-1500;Bath and North East Somerset,Somerset;14375;46.4
192743;petit tranchet derivative;;36.9;32.3;7.2;;7.78;1;NEOLITHIC;-2500;-2100;Wiltshire,Wiltshire;7406;46.4
192731;;;39.5;23.3;4.9;;4.32;1;NEOLITHIC;-3500;-2900;Wiltshire,Wiltshire;7406;68
192204;;;42;;;11;7.11;1;MEDIEVAL;1100;1500;Wiltshire,Wiltshire;7406;46.4
191022;;;24.2;12;4.5;;1.37;1;NEOLITHIC;-2500;-2100;Oldham,Gran Mnchester;5724;51.8
190899;;;40.8;28.6;5.5;;6.11;1;NEOLITHIC;-2500;-1500;Wiltshire,Wiltshire;7406;59
190612;;;25.3;25.6;6.5;;3;1;NEOLITHIC;-3500;-1500;Mendip,Somerset;10695;60.8
189235;Leaf-shaped;;29.51;21.3;9000.94;;5.3;1;NEOLITHIC;-3500;-1150;Malvern Hills,Worcestershire;6515;57.2
189025;;;35;28;8;;;1;BRONZE AGE;-2150;-800;Northampton,Northamptonshire;13951;71.6
187590;;;56;47;6;;;1;NEOLITHIC;-2500;-1500;Eden,Cumbria;13367;77
186281;;;31.7;19.3;4.7;;2.4;1;NEOLITHIC;-3500;-2500;Doncaster,Yorkshire del Sur;5731;51.8
186162;Leaf shaped;;33.07;27.02;6.78;;4.52;1;NEOLITHIC;-3500;-2900;Colchester,Essex;9134;48.2
185793;;;24.64;25.73;;;1.73;1;BRONZE AGE;-2150;1900;Forest Heath,Suffolk;7376;48.2
185772;Leaf-shaped;;17.64;9.89;3.99;;0.55;1;NEOLITHIC;-2500;-2100;Vale of White Horse,Oxfordshire;9599;46.4
185757;Barbed and tanged;;18.9;16.9;3.3;;1;1;NEOLITHIC;-2500;-2100;Vale of White Horse,Oxfordshire;9599;50
185205;;;34.2;20.7;4.2;;2.6;1;BRONZE AGE;-2150;-1500;South Somerset,Somerset;10540;77
185204;;;27.3;21.3;3.9;;1.6;1;BRONZE AGE;-2150;-1500;Taunton Deane,Somerset;6643;77
184834;Barbed and Tanged;;23.4;19.3;3.9;;1.21;1;NEOLITHIC;-2500;-1500;North Lincolnshire,Lincolnshire;10663;77
184818;;;15.9;9.8;2.7;;0.45;1;MESOLITHIC;-8300;-2100;North Lincolnshire,Lincolnshire;10663;77
184809;Barbed and Tanged;;19.6;18.1;4.1;;1.05;1;NEOLITHIC;-2500;-1500;North Lincolnshire,Lincolnshire;10663;77
184800;Tranchet;;24.2;18.9;3.4;;1.28;1;NEOLITHIC;-3500;-2100;North Lincolnshire,Lincolnshire;10663;77
184795;Leaf shaped;;33.6;17.9;4.4;;2.33;1;NEOLITHIC;-3500;-2100;North Lincolnshire,Lincolnshire;10663;77
184793;Barbed and Tanged;;24.6;19.2;3.6;;1.04;1;NEOLITHIC;-2500;-1500;North Lincolnshire,Lincolnshire;10663;77
184792;leaf shaped;;25;13.3;;;0.72;1;NEOLITHIC;-3500;-2100;North Lincolnshire,Lincolnshire;10663;77
184790;;;24.6;19.2;3.6;;1.04;1;NEOLITHIC;-2500;-1500;North Lincolnshire,Lincolnshire;10663;77
184784;Leaf shaped;;24.9;18.1;4.2;;2.32;1;NEOLITHIC;-3500;-2100;North Lincolnshire,Lincolnshire;10663;77
184587;Barbed and Tanged;;28.6;17.3;4.3;;1.55;1;NEOLITHIC;-2500;-1500;North Lincolnshire,Lincolnshire;10663;77
184586;Barbed and Tanged;;18.4;15.7;3.5;;0.87;1;NEOLITHIC;-2500;-1500;North Lincolnshire,Lincolnshire;10663;77
184563;Barbed and Tanged;;37.5;30.6;6.8;;5.19;1;NEOLITHIC;-2500;-1500;North Lincolnshire,Lincolnshire;10663;77
184550;;;32;15.9;4.7;;1.95;1;NEOLITHIC;-3500;-2100;North Lincolnshire,Lincolnshire;10663;77
184545;Leaf shaped;;26.5;14.8;1.8;;0.96;1;NEOLITHIC;-3500;-2100;North Lincolnshire,Lincolnshire;10663;75.2
184543;Barbed and Tanged;;22.2;20.5;3.3;;1.12;1;NEOLITHIC;-2500;-1500;North Lincolnshire,Lincolnshire;10663;69.8
183913;;;37.3;26.35;7.08;;6.3;1;NEOLITHIC;-2500;-1500;Stratford-on-Avon,Warwickshire;7521;68
183887;Leaf shaped;;40;18;2;;;1;NEOLITHIC;-3500;-2900;North Kesteven,Lincolnshire;10147;68
183654;leaf shaped;;24.4;16.7;6.8;;2.9;1;NEOLITHIC;-3500;-2900;Rotherham,Yorkshire del Sur;10631;57.2
183511;Leaf shaped;;;;;;;1;NEOLITHIC;-4500;-2100;Maidstone,Kent;8320;69.8
183505;;;36.8;27;5.7;;5.21;1;NEOLITHIC;-2500;-1500;Isle of Wight,Isle of Wight;7100;57.2
183380;;;24.28;24.04;4.75;;2.27;1;BRONZE AGE;-2500;-1500;Reigate and Banstead,Surrey;14590;64.4
182945;;;35.7;20.7;3.8;;2.61;1;;-3500;-2100;Isle of Wight,Isle of Wight;7100;69.8
182571;;;33.5;33.2;5.8;;5.56;1;NEOLITHIC;;;Bassetlaw,Nottinghamshire;9226;48.2
181288;Leaf-shaped;;;;;;;1;NEOLITHIC;4000;2500;Cheshire West and Chester,Cheshire;12123;77
181248;;;68;30;12;;15.91;1;MEDIEVAL;1200;1400;Tewkesbury,Gloucestershire;6183;77
181203;Barbed and Tanged;;27.9;26.5;4.9;;2.68;1;NEOLITHIC;-2500;-1500;North Lincolnshire,Lincolnshire;10663;64.4
180226;;;85;37;9;;18;1;BRONZE AGE;-2150;-1500;Suffolk Coastal,Suffolk;5788;46.4
180027;flint;transverse;35.93;17.64;3.32;;2.39;1;NEOLITHIC;;;Bassetlaw,Nottinghamshire;9226;46.4
180020;flint;leaf-shaped;44.16;26.71;4.37;;4.34;1;NEOLITHIC;;;West Lindsey,Lincolnshire;11059;75.2
179662;;;30.8;22.1;8.5;;6.21;1;NEOLITHIC;-3500;-800;Wiltshire,Wiltshire;7406;75.2
179240;transverse;oblique;32.7;20.16;4.04;;1.89;1;NEOLITHIC;3000;2000;Derbyshire Dales,Derbyshire;8320;77
179174;;;55.2;11;2;4.5;6.1;1;MEDIEVAL;;;Wirral,Merseyside;11450;69.8
178868;;;27.3;25.3;4.9;;2.95;1;NEOLITHIC;-2500;-1500;North Lincolnshire,Lincolnshire;10663;62.6
178177;;;26;24;6;;3.12;1;BRONZE AGE;-2150;-800;Hinckley and Bosworth,Leicestershire;8167;50
177209;;;32.7;19.9;5.1;;2.6;1;BRONZE AGE;-2150;-800;Rother,Sussex Oriental;8318;57.2
176821;;;25.4;23.3;6.2;;3.65;1;NEOLITHIC;-4000;-3300;Cornwall,Cornwall;5886;50
162005;;;31.8;25.2;3.3;;2.51;1;BRONZE AGE;-2150;-1500;Isle of Wight,Isle of Wight;7100;69.8
161975;;;22.58;15.68;;;1.33;1;NEOLITHIC;-2500;-1500;Rugby,Warwickshire;13553;69.8
161903;Transverse;;35;29;2.5;;;1;NEOLITHIC;-4000;-1800;North Kesteven,Lincolnshire;10147;77
161902;;;29;18;2.8;;;1;NEOLITHIC;-2500;-1500;North Kesteven,Lincolnshire;10147;48.2
161295;Barbed and Tanged;;33;22;5.5;;2.66;1;BRONZE AGE;-2150;-1150;North Lincolnshire,Lincolnshire;10663;66.2
161197;;;30;19;4;;2.71;1;NEOLITHIC;-3500;-2100;Harborough,Leicestershire;8647;
160700;;;38.2;22.3;3.6;;2.88;1;NEOLITHIC;-2800;-2100;Selby,Yorkshire del Norte;13941;73.4
159320;;;44.07;28.51;8.92;;;1;BRONZE AGE;-2150;-1500;;13241;55.4
157913;;;27;25;;;;1;NEOLITHIC;-3200;1500;South Cambridgeshire,Cambridgeshire;14251;46.4
157304;;;34.5;28.5;5.5;;7.6;1;NEOLITHIC;-3500;-2150;South Kesteven,Lincolnshire;13611;62.6
156793;;;22.7;19.3;3.2;;1.27;1;BRONZE AGE;-2150;-1500;Wiltshire,Wiltshire;7406;59
156473;oblique;;27;18.75;5.4;;1.97;1;NEOLITHIC;-2000;-1500;North East Derbyshire,Derbyshire;12277;64.4
156041;;;52.9;17.2;9.4;;8.2;1;MEDIEVAL;1066;1500;Leeds,Yorkshire del Oeste;13251;64.4
154925;Tanged and barbed;;30;24;4;;;1;BRONZE AGE;-2150;-1500;East Devon,Devon;8281;64.4
154905;;;31;24;4;;;1;NEOLITHIC;-4000;-2351;East Devon,Devon;8281;59
154892;;;28;14;3;;;1;NEOLITHIC;-4000;-2351;East Devon,Devon;8281;73.4
154620;Bodkin head;;52.2;9.1;7.4;;10.82;1;MEDIEVAL;1200;1400;Hertsmere,Hertfordshire;10228;73.4
154427;;;50;20;;;;1;MEDIEVAL;1200;1400;Aylesbury Vale,Buckinghamshire;13823;73.4
153361;;;;;;;;1;MEDIEVAL;;;East Lindsey,Lincolnshire;14463;50
153289;;;;;;;;1;NEOLITHIC;;;East Lindsey,Lincolnshire;14463;50
153009;;;22.9;18.4;5.3;;2.09;1;NEOLITHIC;-2500;-1500;Cornwall,Cornwall;5886;77
152797;;;23;19;3.1;;1.2;1;BRONZE AGE;;;Hambleton,Yorkshire del Norte;10174;73.4
152682;Barbed and Tanged;;29.9;22.9;3.7;;1.66;1;NEOLITHIC;-2500;-1150;North Lincolnshire,Lincolnshire;10663;75.2
151625;;;22.4;15.83;4.89;;1.2;1;BRONZE AGE;;;East Riding of Yorkshire,East Riding of Yorkshire;13250;50
148494;;;;;;;;1;NEOLITHIC;-2300;-1700;Breckland,Norfolk;12395;77
148129;;;27;19;4;;1.8;1;NEOLITHIC;;;Hambleton,Yorkshire del Norte;10174;77
148042;;;23.13;15.8;3.35;;1.16;1;BRONZE AGE;-2150;-800;Chichester,Sussex Occidental;13859;73.4
146672;;;45;29;6;;;1;NEOLITHIC;-3500;-2100;Suffolk Coastal,Suffolk;5788;75.2
146635;;;37;21.5;4.5;;;1;NEOLITHIC;;;Swansea,Gales;9926;75.2
145562;;;49;18;;31;14.59;1;MEDIEVAL;1066;1800;Broadland,Norfolk;14063;60.8
145554;;;49;21;;;21.65;1;MEDIEVAL;1066;1800;Broadland,Norfolk;14063;50
145177;Flint;;41;18;;;;1;NEOLITHIC;-4;-2;Tendring,Essex;5239;48.2
144802;;;32.18;17.41;;;2.1;1;NEOLITHIC;-3500;-2900;Rugby,Warwickshire;13553;48.2
144305;;;29.41;18.32;4.37;;1.76;1;NEOLITHIC;-2500;-1500;Vale of White Horse,Oxfordshire;9599;46.4
142368;;;29.5;16;;;1.85;1;NEOLITHIC;-3500;-2900;Vale of White Horse,Oxfordshire;9599;57.2
142095;;barbed and tanged;24.4;20.3;4.6;;1.48;1;BRONZE AGE;-2500;-2100;West Dorset,Dorset;11111;53.6
141603;;;26.2;15.4;2.9;;0.89;1;NEOLITHIC;-3500;-2900;Isle of Wight,Isle of Wight;7100;53.6
140824;;;68;17;9;;14.46;1;MEDIEVAL;1200;1500;Stroud,Gloucestershire;11568;68
140814;;;48;16;7;;5.27;1;EARLY MEDIEVAL;800;1300;Stroud,Gloucestershire;11568;50
140712;;;35;15;5;;2.6;1;NEOLITHIC;-4000;-2200;Lichfield,Staffordshire;12700;50
140002;;;28.08;16.83;;;1.74;1;NEOLITHIC;-3500;-2900;Rugby,Warwickshire;13553;
139211;;;26.79;18.55;;;1.4;1;NEOLITHIC;;;Northumberland,Northumberland;12396;
138758;;;42.15;14.62;7.46;;5.76;1;MEDIEVAL;1100;1500;;11911;75.2
138515;;;25.73;24.48;;;2.61;1;NEOLITHIC;-2500;-2100;Stratford-on-Avon,Warwickshire;7521;77
137384;Transverse;;32.3;18.9;;;2.03;1;NEOLITHIC;-2500;-2100;North Lincolnshire,Lincolnshire;10663;50
137216;Tanged;;42;28;2;;7.67;1;BRONZE AGE;-2150;-800;Rugby,Warwickshire;13553;62.6
135572;;;41;15;3;;2.68;1;NEOLITHIC;-3500;-2100;Mid Suffolk,Suffolk;13435;62.6
135555;;;34;13;5;;2.73;1;NEOLITHIC;-3500;-2100;Mid Suffolk,Suffolk;13435;64.4
135131;;;30;28;4;;2.3;1;BRONZE AGE;-2150;-800;Charnwood,Leicestershire;7307;68
134873;;;28.9;17.9;7.44;;2.9;1;NEOLITHIC;-3500;-2100;Kirklees,Yorkshire del Oeste;7768;68
134870;;;26.97;17.8;2.6;;1.19;1;NEOLITHIC;-3500;-2500;Kirklees,Yorkshire del Oeste;7768;68
134869;;;47.4;24.13;3.4;;3.38;1;NEOLITHIC;-3500;-2500;Kirklees,Yorkshire del Oeste;7768;77
134766;Leaf;;52;23.9;;;4.81;1;NEOLITHIC;-3500;-2100;North Lincolnshire,Lincolnshire;10663;75.2
134054;Leaf Shaped;;28.3;19.3;4.9;;2.06;1;NEOLITHIC;-2900;-2150;Shropshire,Shropshire;12115;69.8
134010;;;22;22;4;;1.55;1;BRONZE AGE;-2150;-800;Hinckley and Bosworth,Leicestershire;8167;69.8
133795;;;18.74;12.35;4.38;;0.64;1;NEOLITHIC;-2150;-1500;South Northamptonshire,Northamptonshire;6553;69.8
133794;;;38.72;20.79;5.03;;3.19;1;NEOLITHIC;-2500;-2100;South Northamptonshire,Northamptonshire;6553;69.8
133793;;;28.69;21.51;4.43;;1.55;1;BRONZE AGE;-2150;-1500;South Northamptonshire,Northamptonshire;6553;77
133645;;;35.2;31.4;;;4.47;1;NEOLITHIC;-2500;-2100;North Lincolnshire,Lincolnshire;10663;73.4
133638;;;56;18;;8;;1;MEDIEVAL;1200;1499;East Lindsey,Lincolnshire;14463;46.4
133500;;;46;30;5;;6.79;1;NEOLITHIC;-2500;-2100;Wiltshire,Wiltshire;7406;59
133167;;;23.33;19.52;3.25;;1.6;1;NEOLITHIC;-3500;-1500;Malvern Hills,Worcestershire;6515;59
133152;;;20.5;17.65;4.84;;1.6;1;NEOLITHIC;-3500;-1500;Malvern Hills,Worcestershire;6515;60.8
131480;Barbed and Tanged;;21.26;17.28;4.55;;1.34;1;BRONZE AGE;-2500;-2100;North Dorset,Dorset;9562;77
131189;;;47.3;27.3;5.6;;8.73;1;NEOLITHIC;-3500;-2100;North Lincolnshire,Lincolnshire;10663;46.4
130181;;;25.8;25.5;8.7;;4.24;1;NEOLITHIC;-2500;-2100;West Lindsey,Lincolnshire;11059;50
129188;;;35.5;17;5.5;;2;1;BRONZE AGE;;;Isle of Anglesey,Isle of Anglesey;10269;50
128756;;;32;39;;;;1;NEOLITHIC;-2500;-2100;East Cambridgeshire,Cambridgeshire;10386;77
128544;;;36;26;5.5;;6.7;1;MEDIEVAL;1250;;West Berkshire,Berkshire;5205;77
128537;;;48;35;6.9;;13.3;1;MEDIEVAL;1250;;West Berkshire,Berkshire;5205;75.2
128091;Barbed and Tanged;;21.5;19.3;5.4;;1.54;1;NEOLITHIC;-2300;-1500;Shropshire,Shropshire;12115;75.2
128064;;;35;27;;;2.7;1;NEOLITHIC;-3500;-1500;Stratford-on-Avon,Warwickshire;7521;75.2
127724;Leaf Shaped;;30.2;17.4;4.1;;2.28;1;NEOLITHIC;-2900;-2150;Shropshire,Shropshire;12115;75.2
127721;Leaf Shaped;;39.2;15.1;4.6;;2.43;1;NEOLITHIC;-2900;-2150;Shropshire,Shropshire;12115;73.4
127690;;;18.2;22;3.3;;1.1;1;NEOLITHIC;-4500;-2000;East Northamptonshire,Northamptonshire;8100;68
126944;;;;;;;;1;NEOLITHIC;-3500;-2100;Babergh,Suffolk;7185;75.2
126688;;;28.5;20.8;5.1;;2.7;1;NEOLITHIC;;;Harrogate,Yorkshire del Norte;12095;75.2
125236;;;51.7;13.1;4.9;;4.5;1;MEDIEVAL;;;Harrogate,Yorkshire del Norte;12095;69.8
124195;;;30;17;5;;;1;BRONZE AGE;-2150;-1500;Blackburn with Darwen,Lancashire;12967;57.2
124111;Leaf-shaped;Green type 2b;28;16;3.3;;1.57;1;NEOLITHIC;-4500;-3000;Isle of Wight,Isle of Wight;7100;77
123387;;;;;;;;1;BRONZE AGE;-2150;-1500;Suffolk Coastal,Suffolk;5788;68
123232;;;;;;;7.27;1;NEOLITHIC;-2500;-2100;Babergh,Suffolk;7185;55.4
122533;Socketed;;43;;;;;1;MEDIEVAL;1066;1499;South Kesteven,Lincolnshire;13611;59
121872;;;27.5;19;4;;;1;BRONZE AGE;-2150;-800;Daventry,Northamptonshire;12696;53.6
121568;;;;;;;;1;NEOLITHIC;-2300;-1700;South Norfolk,Norfolk;13210;69.8
120081;Tutulus;;24;24;3;;;1;NEOLITHIC;-4000;-2500;North Kesteven,Lincolnshire;10147;69.8
119046;Transverse;;37;32;5;;;1;NEOLITHIC;-4000;-2500;North Kesteven,Lincolnshire;10147;57.2
119023;;;20.36;12.27;3.87;;1.11;1;NEOLITHIC;-3500;-1500;Sedgemoor,Somerset;5912;77
118701;Oblique;;30.3;22.7;;;2.31;1;NEOLITHIC;-3500;-2100;North Lincolnshire,Lincolnshire;10663;68
118561;;;22;17;;;0.7;1;BRONZE AGE;-2000;-1500;East Hampshire,Hampshire;5115;69.8
117664;broadhead;;86;30;9;;;1;MEDIEVAL;1250;;South Northamptonshire,Northamptonshire;6553;50
117420;Barbed and tanged;;20.05;14.83;3.58;;0.83;1;BRONZE AGE;-2500;-1500;Taunton Deane,Somerset;6643;50
117404;Leaf-shaped;;21.04;15.66;4.24;;1.23;1;NEOLITHIC;-3500;-2900;Taunton Deane,Somerset;6643;68
116668;Barbed and tanged;;23.1;15;3.8;;1.16;1;BRONZE AGE;-2150;-1500;Central Bedfordshire,Bedfordshire;8168;73.4
116474;;;77;20;1;11;;1;MEDIEVAL;1200;1499;East Lindsey,Lincolnshire;14463;64.4
116353;;;92;;4;;6.1;1;MEDIEVAL;1200;1300;City and County of the City of London,London;10081;46.4
114970;Forked Head;;60;45.6;;;17.85;1;MEDIEVAL;1066;1500;Wiltshire,Wiltshire;7406;46.4
114966;Broadhead;;75.8;44.9;;;23.26;1;MEDIEVAL;1066;1500;Wiltshire,Wiltshire;7406;69.8
114859;Leaf-Shaped;;24.53;15.71;;;1.7;1;NEOLITHIC;-3500;-2900;Worcester,Worcestershire;10047;64.4
113854;;;34;7;;;2.67;1;IRON AGE;800;100;Charnwood,Leicestershire;7307;51.8
113289;;;63.67;19.1;;;8.58;1;MEDIEVAL;1200;1500;Forest Heath,Suffolk;7376;48.2
112893;;;64.8;17.9;6.79;;;1;MEDIEVAL;1150;1400;Milton Keynes,Buckinghamshire;10571;73.4
112682;;;27;13;4.5;;1.41;1;NEOLITHIC;-3000;-700;Swindon,Swindon;4786;73.4
112660;Barbed and tanged;;20.5;18.5;3.5;;1.02;1;BRONZE AGE;-2500;-700;Swindon,Swindon;4786;73.4
112656;Barbed and tanged;;30;27;5;;3.11;1;BRONZE AGE;-2500;-700;Swindon,Swindon;4786;73.4
112409;;;20;23;2.5;;1.59;1;NEOLITHIC;-3500;-2100;Swindon,Swindon;4786;73.4
112404;;;26;22;4.5;;2.5;1;NEOLITHIC;-3500;-2900;Swindon,Swindon;4786;73.4
112382;;;24;15;3.5;;1.63;1;NEOLITHIC;-3500;-2900;Swindon,Swindon;4786;73.4
112378;;;18;12;2.5;;0.66;1;NEOLITHIC;-3500;-2900;Swindon,Swindon;4786;73.4
112344;Oblique;;37;28;5;;5.01;1;NEOLITHIC;-3500;-2100;Swindon,Swindon;4786;73.4
112337;Oblique;;40;27;5;;4.81;1;NEOLITHIC;-3500;-2100;Swindon,Swindon;4786;73.4
111291;leaf shaped;;33;12.5;3;;1.71;1;NEOLITHIC;-3500;-2900;Swindon,Swindon;4786;73.4
111281;barbed and tanged;;25;20;3;;1.56;1;NEOLITHIC;-2500;-1500;Swindon,Swindon;4786;53.6
110947;;;46.69;19.54;3.9;;4.08;1;NEOLITHIC;-5500;-2900;Cherwell,Oxfordshire;7854;62.6
110875;;;22;16;4;;1.09;1;BRONZE AGE;-2150;-1500;South Lakeland,Cumbria;7070;62.6
110768;;;;;;;;1;NEOLITHIC;-2500;-1500;North Norfolk,Norfolk;9742;62.6
110767;;;;;;;;1;BRONZE AGE;-2150;-1500;North Norfolk,Norfolk;9742;62.6
110763;;;;;;;;1;NEOLITHIC;-3500;-2100;North Norfolk,Norfolk;9742;62.6
110762;;;;;;;;1;BRONZE AGE;-2150;-1500;North Norfolk,Norfolk;9742;62.6
110761;;;;;;;;1;NEOLITHIC;-3500;-2100;North Norfolk,Norfolk;9742;62.6
110759;;;30;17;;;1.8;1;NEOLITHIC;-3500;-2100;North Norfolk,Norfolk;9742;68
110623;;;29;23;4;;2.94;1;NEOLITHIC;;;Babergh,Suffolk;7185;73.4
110610;Broadhead;Jessop H3;50.1;41.2;3.7;12.5;18;1;MEDIEVAL;1250;;East Northamptonshire,Northamptonshire;8100;46.4
110078;;;39;27;5.5;;7.98;1;NEOLITHIC;-4500;-2000;Wiltshire,Wiltshire;7406;77
109620;Barb and Tanged;;25.1;13.7;3.5;;1.11;1;NEOLITHIC;-2500;-1500;North Lincolnshire,Lincolnshire;10663;77
108789;Barbed and Tanged;;19.8;13.8;3.2;;0.83;1;NEOLITHIC;-2500;-1500;North Lincolnshire,Lincolnshire;10663;77
108783;Leaf-shaped;;36.3;23.9;5.2;;5.05;1;NEOLITHIC;-3500;-2100;North Lincolnshire,Lincolnshire;10663;57.2
106844;;;48;24;5;;5.49;1;NEOLITHIC;-2500;-2100;Blaby,Leicestershire;6061;64.4
106547;;;39;11;;6;4.76;1;BRONZE AGE;-2150;-800;Charnwood,Leicestershire;7307;73.4
106469;;;29.25;19.18;4.04;;1.71;1;NEOLITHIC;-2500;-1500;West Oxfordshire,Oxfordshire;5884;57.2
106443;Leaf-shaped;Green type 2b;34;18;3.2;;1.91;1;NEOLITHIC;-4500;-3000;Isle of Wight,Isle of Wight;7100;48.2
106370;;;56.72;30.17;8.85;10.14;13.26;1;MEDIEVAL;1000;1300;Basingstoke and Deane,Hampshire;5761;69.8
105822;;;35.5;22;;;4.34;1;NEOLITHIC;-3500;-2100;Hinckley and Bosworth,Leicestershire;8167;73.4
105453;;;;;;;;1;NEOLITHIC;-2500;-1500;West Oxfordshire,Oxfordshire;5884;51.8
104979;;;33;21;5;;2.8;1;BRONZE AGE;-2150;-800;Melton,Leicestershire;14135;46.4
103495;;;36;19;5;;2.61;1;NEOLITHIC;-3000;-2000;Guildford,Surrey;13980;51.8
103075;;;;;;;;1;NEOLITHIC;-2500;-1500;Forest Heath,Suffolk;7376;51.8
103074;;;;;;;;1;NEOLITHIC;-2500;-1500;Forest Heath,Suffolk;7376;51.8
103070;;;;;;;;2;NEOLITHIC;-2500;-1500;Forest Heath,Suffolk;7376;51.8
103068;;;;;;;;1;NEOLITHIC;-2500;-1500;Forest Heath,Suffolk;7376;50
102310;barbed and tanged;;27;19;5.7;;2.06;1;NEOLITHIC;-2700;-1700;Cornwall,Cornwall;5886;75.2
102265;Barb and Tanged;;22.88;24.14;;;2.7;1;NEOLITHIC;-2500;-1500;Stratford-on-Avon,Warwickshire;7521;68
101492;;;21.7;19.2;4.2;;1.34;1;BRONZE AGE;-2000;-1500;East Hampshire,Hampshire;5115;62.6
100853;;;52;16;;;;1;NEOLITHIC;-3500;-2100;St. Edmundsbury,Suffolk;11781;51.8
100292;;;34;24;5;;3.77;1;NEOLITHIC;-3500;-2100;Melton,Leicestershire;14135;75.2
100220;Leaf-Shaped;;28.92;14.6;5.04;;2.3;1;NEOLITHIC;-4500;-2200;Stratford-on-Avon,Warwickshire;7521;53.6
100091;barbed;;22;19;4;;;1;BRONZE AGE;-2150;-1500;Stroud,Gloucestershire;11568;51.8
100001;;;47;15.5;3.9;;6.52;1;BRONZE AGE;-2150;-800;Forest Heath,Suffolk;7376;64.4
99708;;;27;19;6;;2.35;1;BRONZE AGE;-2150;-1500;Charnwood,Leicestershire;7307;62.6
99476;;;33.82;24.5;6.79;;4.64;1;NEOLITHIC;;;Winchester,Hampshire;10715;59
99375;;;22.6;13.4;3.55;;0.78;1;NEOLITHIC;-3500;-2100;Leeds,Yorkshire del Oeste;13251;66.2
99367;Transverse;;32.6;18.3;4.08;;1.95;1;NEOLITHIC;-2500;-2100;Selby,Yorkshire del Norte;13941;59
99355;Leaf shaped;;23.15;14.66;3.4;;0.94;1;NEOLITHIC;-3500;-2900;Leeds,Yorkshire del Oeste;13251;59
99346;Triangular;;19;17.9;3.3;;0.99;1;NEOLITHIC;-3500;-2500;Leeds,Yorkshire del Oeste;13251;59
99345;Leaf shaped;;32.22;17.66;3.03;;1.54;1;NEOLITHIC;-3500;-2500;Leeds,Yorkshire del Oeste;13251;59
99324;Triangular;;21.6;15;2.7;;0.75;1;NEOLITHIC;-2500;-1500;Leeds,Yorkshire del Oeste;13251;66.2
99315;;;28.9;16.9;5.2;;2.49;1;NEOLITHIC;-3500;-2100;Selby,Yorkshire del Norte;13941;66.2
99313;;;35.2;17.4;3.6;;2.83;1;NEOLITHIC;-3500;-2100;Selby,Yorkshire del Norte;13941;66.2
99312;Transverse;;38.7;19.7;3.6;;2.55;1;NEOLITHIC;-3500;-2100;Selby,Yorkshire del Norte;13941;59
99310;;;28.3;21.6;4.4;;2.73;1;NEOLITHIC;-3500;-2100;Leeds,Yorkshire del Oeste;13251;59
99307;;;40.38;26.8;6.13;;5.1;1;NEOLITHIC;-3500;-2100;Leeds,Yorkshire del Oeste;13251;66.2
99294;;;34.12;18.98;5.04;;2.54;1;NEOLITHIC;-3500;-2100;Selby,Yorkshire del Norte;13941;59
99292;Triangular;;23.6;17.9;3.8;;1.43;1;NEOLITHIC;-3500;-2100;Leeds,Yorkshire del Oeste;13251;59
99288;Leaf shaped;;31.5;17.2;5.85;;2.91;1;NEOLITHIC;-3500;-2100;Leeds,Yorkshire del Oeste;13251;46.4
98724;;;22;14;5;;1.21;1;NEOLITHIC;-3500;-800;Wiltshire,Wiltshire;7406;46.4
98723;;;31;18;4.5;;2.43;1;NEOLITHIC;-2500;-2100;Wiltshire,Wiltshire;7406;46.4
98722;;;39;32;6;;5.31;1;NEOLITHIC;-3500;-2100;Wiltshire,Wiltshire;7406;68
98695;;;57.3;11.41;6.85;;;1;MEDIEVAL;1066;1500;Gravesham,Kent;7770;57.2
98685;;;44;22;;;19.35;1;IRON AGE;-600;1000;Ribble Valley,Lancashire;13004;68
97583;Military;;29;;25;;;1;MEDIEVAL;1200;1500;Central Bedfordshire,Bedfordshire;8168;77
96747;Leaf Shaped;;37.3;16.9;5.3;;2.71;1;NEOLITHIC;-2900;-2150;County of Herefordshire,Herefordshire;5491;48.2
95909;;;22.3;19.4;3.4;;1.28;1;BRONZE AGE;-2500;-1400;Dudley,Midlands Occidentales;5305;77
95752;Barbed and tanged arrowhead;;;;;;;1;BRONZE AGE;-2150;-1500;King's Lynn and West Norfolk,Norfolk;12305;73.4
95527;Medieval Catalogue Type 2;;101.32;35.05;6.21;;;1;MEDIEVAL;1100;1300;Aylesbury Vale,Buckinghamshire;13823;73.4
95515;;;33;19;5;;;1;NEOLITHIC;-2600;-1900;Carlisle,Cumbria;12306;69.8
95514;;;27;23;3;;1.5;1;BRONZE AGE;-1950;-1800;South Northamptonshire,Northamptonshire;6553;46.4
94747;tanged;;25;12;24;;1.18;1;NEOLITHIC;-3500;-2100;Wiltshire,Wiltshire;7406;46.4
94744;leaf-shaped;;38;24;6.5;;5.96;1;NEOLITHIC;-3500;-2100;Wiltshire,Wiltshire;7406;60.8
94326;;;50;15;;;5.87;1;MEDIEVAL;1200;1500;Epsom and Ewell,Surrey;8188;66.2
93902;;;49.66;12.36;4.49;;4.09;1;MEDIEVAL;;;High Peak,Derbyshire;5031;59
93769;Barbed and tanged;Sutton;28;18.7;5.3;;2.4;1;BRONZE AGE;2500;1500;Daventry,Northamptonshire;12696;46.4
92928;;;53.5;34.5;8.5;;18.17;1;NEOLITHIC;-4500;-2000;Wiltshire,Wiltshire;7406;60.8
91237;Leaf-shaped;;;;;;;2;NEOLITHIC;-3500;-2100;Monmouthshire,Gales;13241;64.4
91172;;;33.61;11.07;5.9;;;1;BRONZE AGE;-1150;-800;Bassetlaw,Nottinghamshire;9226;57.2
90902;;;37;22;4;;2.54;1;BRONZE AGE;-2000;-1500;Elmbridge,Surrey;12731;51.8
90571;;;37.5;19.5;;;;1;NEOLITHIC;-3500;-2100;Forest Heath,Suffolk;7376;73.4
89181;;;24.83;;4.12;;1.4;1;BRONZE AGE;;;East Riding of Yorkshire,East Riding of Yorkshire;13250;51.8
88891;Transverse;;36.14;22.62;4.23;;2.78;1;NEOLITHIC;-3500;-2900;Calderdale,Yorkshire del Oeste;14704;73.4
88717;Leafshaped;;15.2;15.3;2.7;;0.9;1;NEOLITHIC;4500;2000;East Northamptonshire,Northamptonshire;8100;46.4
88493;;;27;20;;;1.58;1;BRONZE AGE;-2000;-1500;Waverley,Surrey;11996;46.4
88492;;;22;25;;;1.94;1;BRONZE AGE;-2000;;Guildford,Surrey;13980;69.8
87617;;;;;;;;1;NEOLITHIC;;;Hinckley and Bosworth,Leicestershire;8167;48.2
87613;;;21.96;;;;;1;MEDIEVAL;1066;1300;Uttlesford,Essex;9653;46.4
87577;;;;;;;;16;NEOLITHIC;;;Forest of Dean,Gloucestershire;14277;69.8
87075;;;69.6;19.16;3.12;;10.8;1;MEDIEVAL;1066;1400;East Hertfordshire,Hertfordshire;12511;46.4
86563;;;;;;;;2;NEOLITHIC;;;Forest of Dean,Gloucestershire;14277;46.4
86561;;;;;;;;3;NEOLITHIC;;;Forest of Dean,Gloucestershire;14277;73.4
85616;;;28.4;17.2;3.5;;1.55;1;NEOLITHIC;;;East Riding of Yorkshire,East Riding of Yorkshire;13250;57.2
83420;;;41;28;6;;6.1;1;NEOLITHIC;-4500;-2000;Isle of Wight,Isle of Wight;7100;66.2
82696;;;25.6;8.3;3.7;;0.54;1;BRONZE AGE;;;High Peak,Derbyshire;5031;
82286;;;69;14;6;;14;1;MEDIEVAL;1500;1600;;13941;57.2
81123;;;31.9;20.3;5.4;;2.38;1;NEOLITHIC;-3500;-2100;Wyre Forest,Worcestershire;9808;68
80732;;;35;26;;;;1;NEOLITHIC;-3500;-2100;Kirklees,Yorkshire del Oeste;7768;69.8
80680;;;24;20;;;1.62;1;BRONZE AGE;;;Reigate and Banstead,Surrey;14590;46.4
80278;;;27.5;18;;;2.25;1;NEOLITHIC;;;Waverley,Surrey;11996;77
80224;;;15;16;;;0.73;1;NEOLITHIC;;;North Devon,Devon;12977;77
80220;;;20;15;;;0.78;1;BRONZE AGE;;;North Devon,Devon;12977;48.2
79013;;;58;10.1;;;15.32;1;MEDIEVAL;1200;1500;Staffordshire Moorlands,Staffordshire;13883;64.4
78464;;;70;10.5;;;5.8;1;MEDIEVAL;1100;1200;City and County of the City of London,London;10081;
78436;;;24;14;;;0.8;1;NEOLITHIC;;;;13941;62.6
78397;;;37.4;18;;;2.29;1;NEOLITHIC;-3500;-2100;Mid Suffolk,Suffolk;13435;62.6
77861;;;;;;;;1;BRONZE AGE;;;Warrington,Cheshire;8925;68
77650;;;30;21;4;;;1;NEOLITHIC;-2500;-2100;Rotherham,Yorkshire del Sur;10631;68
75506;;;51.4;15.8;10.3;;16.05;1;BRONZE AGE;-1800;-700;Lichfield,Staffordshire;12700;57.2
75377;;;27;23;4.2;;2.44;1;NEOLITHIC;-4500;-2000;Isle of Wight,Isle of Wight;7100;59
75256;;;32;32;;;3.48;1;NEOLITHIC;-2000;;Woking,Surrey;13857;75.2
73485;;;32;15.1;;;2.25;1;NEOLITHIC;-2900;-2500;Stratford-on-Avon,Warwickshire;7521;50
72994;;;18;15;;;;1;NEOLITHIC;;;Northumberland,Northumberland;12396;59
72735;leaf-shaped;;30.18;16.03;5.2;;2.21;1;NEOLITHIC;-4500;-3500;South Derbyshire,Derbyshire;9628;50
72637;;;20;20;;;;1;NEOLITHIC;;;Northumberland,Northumberland;12396;48.2
72288;Barbed and tanged;;39.76;19.82;2.56;;5.1;1;BRONZE AGE;-1275;-1140;Uttlesford,Essex;9653;73.4
71782;;;48.12;24.02;8.86;;9000.84;1;NEOLITHIC;-2200;-750;South Cambridgeshire,Cambridgeshire;14251;51.8
70924;;;36;21;;;3.4;1;NEOLITHIC;-2500;-1500;Forest Heath,Suffolk;7376;77
70501;leaf shaped;;42.8;18.1;3.5;;2.72;1;NEOLITHIC;-2900;2150;County of Herefordshire,Herefordshire;5491;71.6
70442;;;31.7;21.6;5.4;;3.23;1;NEOLITHIC;-3500;-2100;Wychavon,Worcestershire;6617;50
69389;leaf-shaped;;28.1;15.1;3.4;;1.92;1;NEOLITHIC;;;Cornwall,Cornwall;5886;48.2
68120;;;72;19.5;9;;14.8;1;MEDIEVAL;1000;1500;Staffordshire Moorlands,Staffordshire;13883;
68037;Leaf-Shaped;;23;15.3;4.2;;1.66;1;NEOLITHIC;-3500;-2900;;12696;59
68034;;;30.5;17;3.5;;1.65;1;BRONZE AGE;;;South Derbyshire,Derbyshire;9628;46.4
68004;;;25;20;3.5;;;1;NEOLITHIC;;;Forest of Dean,Gloucestershire;14277;62.6
67958;;;;;;;;1;BRONZE AGE;-2150;-1500;Mid Suffolk,Suffolk;13435;62.6
67955;;;22;19;;;;1;BRONZE AGE;-2150;-1500;Mid Suffolk,Suffolk;13435;62.6
67918;;;34;13;;;7.03;1;BRONZE AGE;-1500;-800;Mid Suffolk,Suffolk;13435;46.4
67762;;;93;27;;;;1;MEDIEVAL;1401;1600;Wiltshire,Wiltshire;7406;69.8
66277;;;23;16;;;;1;NEOLITHIC;-3500;-2100;Rutland,Rutland;14011;69.8
66264;;;42;23;;;;1;BRONZE AGE;-2150;-1500;Rutland,Rutland;14011;77
65470;;;23;25;4;;1.46;1;BRONZE AGE;;;Suffolk Coastal,Suffolk;5788;75.2
65287;Tanged;;20.8;14.5;;;1.17;1;BRONZE AGE;-2150;-1500;Stratford-on-Avon,Warwickshire;7521;59
65284;Hollow Base;;37.6;18.6;;;3.03;1;BRONZE AGE;-2150;-1500;Malvern Hills,Worcestershire;6515;46.4
65241;leaf-shaped;;21;14.5;2.3;;;1;NEOLITHIC;;;Forest of Dean,Gloucestershire;14277;59
64358;barbed and tanged;;26.3;17.28;4.55;;1.4;1;BRONZE AGE;;;South Derbyshire,Derbyshire;9628;55.4
62409;Barbed and tanged;;21.7;17.6;4.2;;1.7;1;BRONZE AGE;-2300;-1500;Pembrokeshire,Pembrokeshire;13334;69.8
61371;Leaf shaped;;42;24;1.5;;;1;NEOLITHIC;-2500;-2150;Newark and Sherwood,Nottinghamshire;8646;69.8
61370;;;21;23;2;;;1;NEOLITHIC;-2500;-2150;Newark and Sherwood,Nottinghamshire;8646;69.8
61369;;;22;17;4;;;1;NEOLITHIC;-2500;-2150;Newark and Sherwood,Nottinghamshire;8646;69.8
58920;;;50;24;;;;1;NEOLITHIC;-2500;-1500;North Kesteven,Lincolnshire;10147;69.8
58919;Transverse;;40;23;;;;1;NEOLITHIC;-2500;-1500;North Kesteven,Lincolnshire;10147;50
58750;;;26.69;21.9;;;;1;NEOLITHIC;-2500;-2150;Northumberland,Northumberland;12396;62.6
58345;;;;;;;;1;NEOLITHIC;-3500;-2900;North Norfolk,Norfolk;9742;57.2
57624;;;19.7;17.8;3.4;;1.03;1;BRONZE AGE;;;Isle of Wight,Isle of Wight;7100;57.2
56673;;;35.5;16.5;8;;4.86;1;MEDIEVAL;1400;1499;Isle of Wight,Isle of Wight;7100;73.4
56631;;;53.4;26.3;7.71;;12.7;1;NEOLITHIC;-3500;-2900;Richmondshire,Yorkshire del Norte;12059;71.6
56037;Leaf-shaped;;37.3;22.5;5.4;;4.6;1;NEOLITHIC;;;Cardiff,Gales;13279;57.2
56035;Barbed and tanged;;16.7;16.1;3.2;;0.8;1;BRONZE AGE;-2500;-1500;Newport,Gales;9045;55.4
55176;Transverse;;31.6;31.5;5.7;;6.38;1;NEOLITHIC;;;South Kesteven,Lincolnshire;13611;59
54396;;;31;18.5;3.1;;2.1;1;NEOLITHIC;-4000;-2000;Daventry,Northamptonshire;12696;46.4
54009;;;36.1;18.4;3.4;;;1;NEOLITHIC;;;West Lindsey,Lincolnshire;11059;55.4
53963;;;29.69;15.75;;;1.6;1;NEOLITHIC;-3500;-2900;North Tyneside,Tyne y Wear;6610;51.8
52444;;;41;29;5;;4.34;1;BRONZE AGE;-2500;-1500;Forest Heath,Suffolk;7376;71.6
52292;;;22;21;1;;1.5;1;NEOLITHIC;-4000;-1500;Medway,Medway;13371;62.6
51654;;;27;20;;;1.53;1;BRONZE AGE;-2500;-1500;North Norfolk,Norfolk;9742;66.2
51070;Leaf;;19.3;17.4;2.8;;0.9;1;NEOLITHIC;-3500;-1500;the Vale of Glamorgan,Gales;11911;66.2
51067;Barbed and Tanged;;21.1;15.5;4.4;;1.3;1;BRONZE AGE;-2300;-1500;the Vale of Glamorgan,Gales;11911;77
50973;barbed and tanged;;20.5;18;;;1.37;1;BRONZE AGE;;;North Lincolnshire,Lincolnshire;10663;59
49927;;;21.1;16.9;2.8;;;1;NEOLITHIC;;;Malvern Hills,Worcestershire;6515;60.8
49787;;;27.6;17.4;4.2;;2;1;NEOLITHIC;;;Monmouthshire,Gales;13241;71.6
49764;;;28.4;17.3;4.2;;1.9;1;NEOLITHIC;;;Caerphilly,Caerphilly;9994;46.4
48819;;;36.5;19.1;5.6;;4.2;1;NEOLITHIC;-4500;-1700;Wiltshire,Wiltshire;7406;66.2
48608;;;85.7;17.1;;8.5;12.6;1;MEDIEVAL;1100;1400;the Vale of Glamorgan,Gales;11911;68
48536;;;21;27;5;;2.94;1;MESOLITHIC;-8000;-1500;Ashford,Kent;8649;46.4
48331;Leaf;;44.93;18.35;4.22;;3.81;1;NEOLITHIC;-4000;-2400;South Somerset,Somerset;10540;71.6
47477;Trenchet arrowhead;;32;25;;;;1;NEOLITHIC;-4000;-2200;Ryedale,Yorkshire del Norte;7953;71.6
47476;Trenchet arrowhead;;28;20;;;;1;NEOLITHIC;-4000;-2200;Ryedale,Yorkshire del Norte;7953;71.6
47475;Transverse arrowhead;;37;24;;;;1;NEOLITHIC;-4000;-2200;Ryedale,Yorkshire del Norte;7953;71.6
47474;Transverse arrowhead;;32;22;;;;1;NEOLITHIC;-4000;-2200;Ryedale,Yorkshire del Norte;7953;71.6
47472;Leaf-shaped;;29;21;;;;1;NEOLITHIC;-4000;-2200;Ryedale,Yorkshire del Norte;7953;71.6
47471;Leaf-shaped;;29;22;;;;1;NEOLITHIC;-4000;-2200;Ryedale,Yorkshire del Norte;7953;71.6
47470;Barbed and tanged;;21;17;;;;1;BRONZE AGE;;;Ryedale,Yorkshire del Norte;7953;71.6
47468;Leaf-shaped;;40;19;;;;1;NEOLITHIC;-4000;-2200;Ryedale,Yorkshire del Norte;7953;66.2
47390;Barbed and tanged arrowhead;;58;16;;;;1;POST MEDIEVAL;;;Selby,Yorkshire del Norte;13941;66.2
47389;Barbed and tanged arrowhead;;62;18;;;;1;POST MEDIEVAL;;;Selby,Yorkshire del Norte;13941;66.2
47147;large, flat, leaf shaped;;25.4;30.5;4;;;1;BRONZE AGE;-2500;-700;Selby,Yorkshire del Norte;13941;73.4
46648;;;35.29;28.17;3.75;;2.47;1;BRONZE AGE;-2500;-700;East Northamptonshire,Northamptonshire;8100;60.8
46454;;;;23.01;6.26;;;1;BRONZE AGE;-2500;-1000;Northampton,Northamptonshire;13951;59
46235;leaf shaped;;29.47;19.08;3.8;;2.02;1;NEOLITHIC;-4000;-2200;Daventry,Northamptonshire;12696;59
46207;;;;16.23;3.37;;1.32;1;NEOLITHIC;-4000;-2200;Daventry,Northamptonshire;12696;59
45909;leaf shaped;;30.05;16.43;2.57;;1.2;1;NEOLITHIC;-3500;-2200;Daventry,Northamptonshire;12696;
45867;Leaf - Shaped Arrowhead;;27.19;19.22;4.2;;2.39;1;NEOLITHIC;-4000;-2200;;14063;68
45277;Barb and Tanged Arrowhead;;;;;;;1;BRONZE AGE;-2500;-1400;Warwick,Warwickshire;13309;48.2
45059;;;55.58;15.58;3.54;6.82;5.27;1;MEDIEVAL;1066;1350;Milton Keynes,Buckinghamshire;10571;59
44818;leafshaped;;27.63;16.35;2.57;;1.17;1;NEOLITHIC;-4000;-2200;Daventry,Northamptonshire;12696;75.2
42831;;;40;22;8;;;1;NEOLITHIC;-4000;-2200;Shepway,Kent;14347;75.2
42694;;;34;22;5;;;1;BRONZE AGE;-2500;-700;Shepway,Kent;14347;73.4
41518;;;30;20;;;;1;BRONZE AGE;-2500;-700;Cheshire East,Cheshire;12247;77
41284;;;55.2;22.3;2.7;;;1;NEOLITHIC;-4000;-2200;North Lincolnshire,Lincolnshire;10663;69.8
41064;;;39.5;18.1;4.6;;2.92;1;NEOLITHIC;-4000;-700;Newark and Sherwood,Nottinghamshire;8646;77
40220;;;31.4;21.6;3.7;;2.62;1;NEOLITHIC;-4000;-2200;North Lincolnshire,Lincolnshire;10663;66.2
40101;;;25.8;15.3;3.5;;1.19;1;BRONZE AGE;-2500;-700;Selby,Yorkshire del Norte;13941;75.2
39913;;;;;;;;1;NEOLITHIC;-4000;-2200;Broadland,Norfolk;14063;68
38090;;;45;14;5.5;;7.96;1;MEDIEVAL;1066;1540;Babergh,Suffolk;7185;77
37326;;;49;25;5;;5.98;1;BRONZE AGE;-2500;-1500;Suffolk Coastal,Suffolk;5788;77
37325;;;32;21;4;;2.49;1;NEOLITHIC;-4000;-1500;Suffolk Coastal,Suffolk;5788;73.4
37120;;;64;12;10;;13.58;1;BRONZE AGE;-2500;-700;South Cambridgeshire,Cambridgeshire;14251;60.8
36753;;;163;12;;;14.88;1;POST MEDIEVAL;1540;;Tendring,Essex;5239;77
36184;;;66;22;11;;21.24;1;BRONZE AGE;-1000;-700;Suffolk Coastal,Suffolk;5788;62.6
36120;;;60;50;9;;;1;NEOLITHIC;-2500;-1800;North Norfolk,Norfolk;9742;46.4
31345;Leaf;Green's type 3B;29.6;16.2;4.7;;1.5;1;NEOLITHIC;-2600;-1900;Forest of Dean,Gloucestershire;14277;77
31045;;;36.1;17;3.2;;1.35;1;NEOLITHIC;;;North Lincolnshire,Lincolnshire;10663;46.4
30061;;flint;35;15;;;;1;NEOLITHIC;-2500;-2150;West Lindsey,Lincolnshire;11059;73.4
28187;proximal section (point);;30.3;16.4;4.3;;;1;BRONZE AGE;-2500;-700;East Riding of Yorkshire,East Riding of Yorkshire;13250;71.6
27811;Leaf;;25.1;21.2;3.4;;;1;NEOLITHIC;-4000;-3000;Ryedale,Yorkshire del Norte;7953;
27361;;;18.54;13.9;3.17;;;1;NEOLITHIC;;;North Warwickshire,Warwickshire;14042;69.8
27235;;;62.45;18.78;8.84;;;1;MEDIEVAL;1066;1540;Stratford-on-Avon,Warwickshire;7521;75.2
27087;Barb and Tanged;Sutton Type B or C;40;30;6;;;1;PREHISTORIC;-500000;43;Wyre Forest,Worcestershire;9808;57.2
27008;Leaf Shaped Arrowhead;;24.46;15.41;2.74;;;1;NEOLITHIC;-4000;-2200;Lichfield,Staffordshire;12700;68
26960;Leaf Shaped Arrowhead;;39.26;21.78;3.62;;;1;NEOLITHIC;;;Lichfield,Staffordshire;12700;68
26190;Tanged;;36.2;28.34;7.38;;;1;NEOLITHIC;-4000;-2200;Cotswold,Gloucestershire;9557;68
25581;Leaf-shaped arrowhead;;30.2;22.65;;;3.12;1;NEOLITHIC;-4000;-2200;Stratford-on-Avon,Warwickshire;7521;75.2
25341;Leaf-Shaped Arrowhead;;31.69;17.25;4.13;;;1;NEOLITHIC;-4000;-2200;Malvern Hills,Worcestershire;6515;59
25210;;;23.81;15.24;3.52;;;1;PREHISTORIC;-500000;43;Malvern Hills,Worcestershire;6515;59
24653;;;41.1;30.76;4.8;;;1;BRONZE AGE;;;Hinckley and Bosworth,Leicestershire;8167;69.8
24386;;;24.15;16.4;3.86;;;1;NEOLITHIC;-4000;-2200;Lichfield,Staffordshire;12700;68
24375;;;26.09;16.74;2.8;;;1;NEOLITHIC;-4000;-2200;Lichfield,Staffordshire;12700;68
24364;Trinchet arrowhead;;35.1;19.31;;;;1;NEOLITHIC;-4000;-2200;Lichfield,Staffordshire;12700;68
23859;Barb and Tanged Arrowhead;;33.36;27.54;5.15;;;1;BRONZE AGE;;;Wychavon,Worcestershire;6617;71.6
23824;;;24.38;16.7;4;;;1;BRONZE AGE;-2500;-700;Tewkesbury,Gloucestershire;6183;48.2
23344;Flint;Leaf point;24.63;16.16;2.89;;;1;NEOLITHIC;-3000;-1500;South Somerset,Somerset;10540;46.4
22678;Leaf arrowhead;;35.15;18.52;2.88;;;1;NEOLITHIC;-4000;2700;South Somerset,Somerset;10540;46.4
22677;Barbed and tanged arrowhead;;;;;;;1;BRONZE AGE;-2700;-700;South Somerset,Somerset;10540;46.4
21488;;;;;;;;1;BRONZE AGE;-2500;-1500;St. Edmundsbury,Suffolk;11781;62.6
21227;;;38;27;4;;4.97;1;NEOLITHIC;-3000;-1500;North Norfolk,Norfolk;9742;62.6
19028;barbed and tanged;;28;19;4;;2.07;1;BRONZE AGE;-2500;-1500;Mid Suffolk,Suffolk;13435;62.6
18368;;;47;24;6;;7.43;1;BRONZE AGE;-2500;-1501;Suffolk Coastal,Suffolk;5788;77
17473;;;42;18;5;;;1;BRONZE AGE;-2500;-700;Babergh,Suffolk;7185;68
16287;;;113;26;;;;1;MEDIEVAL;1066;1500;Forest Heath,Suffolk;7376;51.8
15237;;;77.04;37.99;;;;1;MEDIEVAL;1066;1540;Milton Keynes,Buckinghamshire;10571;48.2
14633;;;24.5;16.4;4;;1.33;1;NEOLITHIC;-4000;-700;Merthyr Tydfil,Gales;5754;71.6
14452;Barbed and tanged arrowhead;;25.9;16;4.6;;1.7;1;BRONZE AGE;-2500;-1800;the Vale of Glamorgan,Gales;11911;66.2
13164;;;50.1;13;5.8;;3.6;1;NEOLITHIC;-4000;-2200;;12700;
12795;;;28.8;17.5;3.3;;1.62;1;NEOLITHIC;-4000;-2200;South Kesteven,Lincolnshire;13611;55.4
8137;;;76.01;17.58;2.94;;11.02;1;BRONZE AGE;-2500;-700;Daventry,Northamptonshire;12696;59
6823;;;57.6;14.89;4.85;;9.73;1;EARLY MEDIEVAL;900;1300;East Northamptonshire,Northamptonshire;8100;73.4
6770;;;56.08;;;12.66;16.1;1;MEDIEVAL;1066;1540;East Northamptonshire,Northamptonshire;8100;73.4
6177;;;25;21.5;;;;1;BRONZE AGE;-2500;-700;Cheshire West and Chester,Cheshire;12123;69.8
4301;;;25;17;4;;;1;UNKNOWN;;;Tonbridge and Malling,Kent;11692;48.2
3107;;;26;17;15;;;1;PALAEOLITHIC;-500000;43;Maidstone,Kent;8320;68
3044;;;34;15;6;;;1;PALAEOLITHIC;-500000;-2200;Ashford,Kent;8649;68
3042;;;25;20;3;;;1;PALAEOLITHIC;-500000;-2200;Ashford,Kent;8649;68
2816;;;37;15;4;;;1;BRONZE AGE;-2500;-700;;12696;
2788;Barbed/Tanged;;38;18;7;;;1;NEOLITHIC;-4000;-2200;;14063;
2786;leaf;;49;21;6;;;1;NEOLITHIC;-4000;-2200;Ashford,Kent;8649;68
2664;;;41;21;7;;;1;NEOLITHIC;-4000;-700;Swale,Kent;7407;73.4
2329;Conygar Hill type;;39;35;5;;;1;BRONZE AGE;-2500;-700;Ashford,Kent;8649;68
1268;Oblique;;45;21;;;;1;BRONZE AGE;-2500;-700;East Hampshire,Hampshire;5115;68
250;Barbed-and-tanged;;40;20.5;3;;;1;NEOLITHIC;-2200;-1750;East Hampshire,Hampshire;5115;68
